"","AMBI","microgAMBI","PI","PI5yAvg","PI10yAvg","Redox","Redox5yAvg","Redox10yAvg","OM","OM5yAvg","OM10yAvg"
"Bacteria (superkingdom)",0,0,65.53,65.09,66.18,64.18,64.46,65.99,73.36,77.44,73.87
"FCB group",0,0,53.29,38.65,40.13,68.18,37.93,37.96,36.11,39.14,35.99
"Proteobacteria (superphylum)",0,0,0,0,0,0,0,0,0,0,0
"Terrabacteria",0,0,50.46,0,0,33.65,0,0,26.34,34.08,0
"DTB120",0,0,45.05,0,42.5,70.78,40.85,39.17,42.22,0,0
"PAUC34f",68.97,72.4,66.8,61.46,66.94,0,71.66,65.53,64.23,70.33,69.55
"SBR1093",0,54.55,0,0,0,0,0,0,52.62,0,0
"WS2",69.12,68.21,75.8,68.38,59.45,63.46,59.47,71.61,60.24,63.3,61.97
"AC1",51.51,52.98,70.61,0,0,55.6,0,52.08,52.2,68.26,75.88
"TACK",0,0,0,0,0,0,0,0,0,0,0
"Marine Hydrothermal Vent Group(MHVG)",0,0,74.96,0,53.89,47.46,0,73.49,46,0,52.92
"Bacteroidetes",72.12,0,66.38,61.66,63.09,70.89,73.54,68.24,64.76,63.51,62.8
"Marinimicrobia (SAR406 clade)",66.92,76.18,71.44,68.04,76.32,77.03,75.07,77.89,71.07,73.14,73.43
"Caldithrix phylum incertae sedis",0,61.77,64.32,0,0,0,0,0,0,0,0
"Ca. Latescibacteria (WS3)",0,66.29,65.44,64.45,65.89,64.79,62.59,71.63,59.27,69.12,68.61
"Cloacimonetes",64.8,83.8,74.31,77.72,80.69,77.25,80.93,86.26,80.08,90.86,88.88
"Ca. Zixibacteria (RBG-1)",0,0,67.87,0,62.09,70.27,0,60.91,67.47,61.28,63.29
"LCP-89",68.65,80.1,69.03,66.99,69.75,73.43,71.71,82.32,75.57,75.16,74.46
"Proteobacteria",67.74,73.19,62.75,70.74,76.9,60.47,66.21,69.34,67.72,70.01,69
"Chloroflexi",84.65,89.85,83.28,78.21,80.2,88.28,79.12,89.23,81.82,79.02,75.64
"WS1",67.11,69.53,71.91,69.59,71.16,67.88,70.54,71.98,68.05,72.51,74.06
"Planctomycetes",0,0,80.41,0,59.48,65.35,0,73.55,0,61.89,0
"Ca. Omnitrophica (OP3)",70.81,0,70.07,0,63.61,68.51,65.9,69.12,64.17,64.97,67.31
"WA-aaa01f12",0,0,53.6,60.4,61.69,66.05,0,73.19,56.05,58.53,54.31
"Acidobacteria",0,37.39,0,0,0,0,0,0,52.33,0,0
"Ca. Acetothermia (OP1)",67.34,78.43,83.92,82.99,78.84,80.34,80.54,82.61,80.19,76.5,79.02
"Ca. Modulibacteria (KSB3)",71.07,0,71.7,78.64,65.04,74.7,72.46,70.73,72.24,63.92,71.89
"Ca. Tectomicrobia",76.01,77.4,68.41,64.06,65.63,68.87,82.45,72.42,58.88,53.68,60.54
"Ca. Hydrogenedentes (NKB19)",70.63,0,61.92,62.26,64.18,67.2,65.35,65.35,65.31,63.33,66.26
"Ca. Atribacteria",0,77.52,87.42,92.7,83.12,86.06,80.46,79.8,80.54,77.52,82.14
"Ca. Saccharibacteria (TM7)",0,0,0,0,0,59.22,0,0,61.95,57.36,61.88
"Ca. Parcubacteria",0,0,70.42,0,0,48.87,0,55.28,40.68,0,0
"CPR2",63.66,74.37,68.98,66.64,71.22,67.66,70.82,68.71,72.14,74.43,78.69
"Ca. Microgenomates (OP11)",0,0,0,0,0,0,0,0,0,0,0
"Ca. Gracilibacteria",68.44,74.72,0,69.13,68.77,0,82.84,68.56,0,72.59,70.89
"Ca. Peregrinibacteria",70.7,69.78,63.22,66.83,70.88,77.38,75.62,78.46,70.09,73.26,75.67
"Ca. Absconditabacteria (SR1)",0,64.42,0,63.75,63.82,0,60.9,64.05,59.9,57.63,60.72
"Poribacteria",0,0,0,40.2,43.79,44.28,0,47.58,0,49.86,49.33
"Ca. Aminicenantes (OP8)",81.96,86,73.91,78.32,75.45,81.36,76.24,85.44,79.81,75.83,77.9
"Ca. Dependentiae (TM6)",0,76.82,0,0,0,0,0,0,0,0,0
"NC10",67.78,65.83,0,80.01,70.59,0,52.01,68.54,58.7,56.95,55.7
"SPAM",69.97,73.85,0,76.66,80.6,0,0,85.69,0,62.63,65.96
"BRC1",79.01,0,80.46,83.48,72.94,76.58,73.06,76.61,77.45,76.51,73.9
"Ca. Bathyarchaeota",0,84.3,73.52,0,87.45,79.28,79.03,75.97,72.94,90.23,92.45
"Group C3",0,0,77.56,0,59.73,64.43,0,60.81,62.44,54.78,0
"Ca. Woesearchaeota",0,65.87,0,0,60.94,65.12,60.48,64.03,57.69,60.39,61.96
"Ca. Parvarchaeota",45.92,45.4,35.11,39.53,38.83,43.39,43.08,44.23,38.89,43.59,42.81
"Ca. Lokiarchaeota",0,0,0,0,0,66.34,0,66.28,64.24,77.73,78.36
"Sphingobacteriia",55.99,42.48,33.93,40.95,42.73,0,40.03,58.57,55.8,51.05,43.15
"Cytophagia",53.64,0,0,0,0,0,0,0,0,0,0
"Bacteroidia",0,78.48,0,0,0,0,0,0,0,0,0
"Saprospiria",0,0,71.26,67.15,64.93,63.96,0,72.45,60.7,69.36,69.05
"Chitinophagia",0,0,55.02,60.04,60.72,56.72,61.76,59.72,50.41,58.22,57.95
"Bacteroidetes VC2.1 Bac22",91.27,90.05,85.44,79.49,82.64,84.6,81.24,85.13,77.19,81.22,80.99
"SB-5",86.18,93.46,76.53,90.84,93.03,78.14,90.59,86.18,72.24,74.27,87.75
"Bacteroidetes BD2-2",81.43,85.12,76.99,74.3,76,83.2,78.36,81.08,75.7,77.62,78.86
"WCHB1-32",78.72,80.91,0,0,0,0,72.69,76.54,59.68,76.21,71.59
"Bacteroidetes vadinHA17",97.23,92.47,81.16,77.5,80.01,0,81.01,91.66,77.69,86.12,85.11
"Ika33",65.29,71.61,60.86,62.57,58.25,59.53,64.77,66.11,61.11,67.59,63.82
"BD2-11 terrestrial group",72.57,79.74,69.22,70.61,71.18,70.68,73.68,72.65,70.82,75.12,72.82
"PAUC43f marine benthic group",71.83,75.52,69.1,62.77,65.91,0,69.33,74.66,63.38,69.76,72.66
"S0134 terrestrial group",70.32,50.12,60.11,60.62,61.51,62.24,63.8,59.91,61.44,59.58,63.28
"MD2902-B12",0,70.11,79.56,58.28,58.57,66.94,57.81,66.66,65.35,57.67,60.52
"AKAU4049",78.29,79.98,87.64,71.82,81.74,80.32,82.67,93.8,59.1,65.77,82.99
"Fibrobacteria",0,69.09,0,57.19,62.29,56.36,64.79,61.61,60.36,63.79,57.97
"Chitinivibrionia",65.87,69.46,0,0,0,0,71.27,67.5,0,76.27,60.11
"LK-44f",0,20.29,0,25.04,0,0,0,0,0,0,0
"Betaproteobacteria",79.6,88.25,0,0,0,0,77.16,84.81,0,77.36,84.56
"Alphaproteobacteria",78.93,79.2,68.94,77.46,75.62,75.21,79.2,78.24,77.28,78.63,77.94
"Gammaproteobacteria",65.95,72.43,61.95,60.54,58.67,0,64.64,64.84,58.93,64.56,66.04
"Deltaproteobacteria",0,0,0,0,0,0,0,0,0,0,0
"Milano-WF1B-44",0,0,0,0,59.22,68.06,65.23,62.86,0,59.25,0
"AEGEAN-245",69.73,79.74,0,0,0,0,59.89,0,64.9,73.72,65.07
"JTB23",78.24,88.99,76.97,83.57,91.39,78.64,88.2,86.13,79.24,85.94,87.11
"Ca. Allobeggiatoa",52.41,51.44,0,0,0,50.9,0,0,45.64,0,43.21
"pItb-vmat-80",0,69.34,68.67,68.89,69.59,71.26,71.03,71.72,59.36,58.43,61.04
"MACA-EFT26",0,0,60.5,56.58,61.1,72.36,53.13,53.64,65.46,0,0
"Skagenf62",0,19.24,0,0,22.28,0,22.21,22.91,59.28,32.33,33.85
"Clostridia",57.36,65.58,0,56.55,56.17,54.5,55.37,58.08,59.96,64.99,65.2
"Mollicutes",38.07,50.15,47.7,45.71,46.61,43.63,46.05,47.99,41.44,50.55,48.92
"Oxyphotobacteria",0,0,65.43,65.26,66.29,62.09,0,0,67.23,70.38,59.18
"ML635J-21",76.85,74.63,0,0,0,73.24,74.32,76.41,63.92,70.97,66.87
"OPB41",0,70.88,77.3,81.1,76.15,76.37,70.47,71.31,71.63,68.59,68.95
"MB-A2-108",0,66.52,0,0,76.18,61.13,0,77.96,0,83.55,84.23
"Dehalococcoidia (subdiv. 6)",0,55.71,69.74,49.8,48.49,55.82,52.7,57.91,49.76,55.87,56.06
"Chloroflexi Subdivision 2",73.95,0,0,0,0,0,67.23,67.4,0,62.62,64.66
"SBR2076",76.14,87.7,81.03,76.97,78.89,76.88,77.69,85.32,79.06,82.69,82.78
"Chloroflexi Subdivision 5 (SAR202)",78.11,83,83.64,75.86,73.94,79.96,79,77.12,77.22,88.26,81.32
"JG30-KF-CM66",0,58.38,65.99,63.11,63.38,71.87,66.71,63.56,65.67,65.82,61.53
"Chloroflexi Subdivision 8 (TK10)",0,0,55.18,0,0,59.75,0,0,0,0,0
"Ardenticatenia",67.39,74.17,64.56,66.35,65.32,66.71,70.28,68.57,68.78,72.89,72
"S085",0,0,70.49,60.45,61.89,66.52,55.52,59.72,57.51,0,0
"Chloroflexi Subdivision 13",77.34,88.26,84.4,82.93,81.73,86.61,78.37,83,84.34,80.21,84.46
"SJA-15",82.54,73.79,68.34,65.24,73.13,69.85,74.57,75.14,63.95,70.62,70.57
"MSB-5B2",0,0,72.26,48.74,49.46,0,0,0,0,0,0
"SJA-68",55.2,72.49,72.99,63.52,61.67,63.96,62.74,70.2,57.15,61.12,60.68
"Spirochaetia",82.3,79.79,71.35,65.34,67.81,74.86,70.06,74.88,72.39,71.71,71.24
"LD1-PA32",0,60.14,85.91,69.52,70.11,79.14,69.05,91.94,62.33,68.51,77.26
"vadinHA49",66.41,69.93,0,0,0,0,0,0,0,0,0
"Phycisphaerae",0,68.47,0,0,0,59.13,0,0,59.28,60.22,59.74
"Pla3 lineage",73.33,77.4,69.16,67.92,68.53,68.95,72.44,72.16,69.07,74.1,75.35
"OM190",70.98,74.02,65.83,68.47,67.54,68.83,70.57,70.68,68.7,72.31,70.85
"Pla4 lineage",0,70.4,0,0,0,0,0,0,0,0,0
"BD7-11",73.06,77.16,62.64,62.9,65.71,0,67.24,66.02,61.89,67.69,66.45
"Opitutae",0,54.01,33.23,75.49,38.29,0,29.96,27.03,0,37.53,26.95
"Ca. Methylacidiphilum",0,0,69.92,42.4,0,56.33,0,0,0,0,0
"OPB35 soil group",70.97,69.32,0,75.09,78.34,0,70.21,76.3,74.7,75.74,74.75
"LD1-PB3",50.48,56.14,42.91,50.15,52.26,43.35,50.08,52.1,55.62,49.26,52.62
"WCHB1-41",67.86,0,67.45,62.69,66.73,72.3,65,66.15,67.67,65.72,66.14
"Campylobacteria",0,23.85,0,0,0,0,0,0,0,0,0
"Subgroup 6",0,69.84,66.64,0,0,66.93,0,0,0,64.59,67.34
"Acidobacteria group 2",62.28,70.74,0,65.4,64.18,0,60.42,71.73,65.85,62.21,68.98
"d142",74.63,75.95,67.08,63.54,65.28,75.49,65.97,72.21,66.51,62.18,63.56
"Acidobacteria group 21",72.05,77.4,75.27,67.99,71.26,65.04,70.66,71.37,66.05,72.08,75.77
"Acidobacteria group 18",0,72.72,72.15,60.06,77.28,70.45,66.57,74.02,67.2,66.79,66.03
"Acidobacteria group 9",70.35,78.73,66.5,69.68,67.5,72.57,74.85,73.38,73.71,78.8,76.18
"Acidobacteria group 17",0,0,0,0,0,0,0,0,0,0,0
"AT-s3-28",63.98,72.13,69.16,67.55,65.88,61.81,65.36,67.69,66.38,68.06,67.48
"Acidobacteria group 5",0,66.26,75.03,70.64,73.46,71.22,70.87,68.11,65.9,64.29,65.22
"Acidobacteria group 13",0,0,0,0,0,0,0,0,0,0,31.07
"Acidobacteria group 15",0,0,61.57,0,0,67.82,0,0,0,0,0
"MD2898-B26",71.04,66.96,0,0,0,0,77.4,0,0,0,0
"MD2896-B214",72.81,58.6,0,0,0,0,83.81,82.96,0,30.93,31.36
"Belgica2005-10-ZG-3",0,64.93,65.56,63.79,72.54,0,0,66.31,0,0,0
"Elusimicrobia (class)",0,0,52.73,41.36,44.87,50.12,47.21,42.64,41.03,47.96,49.46
"Candidatus Peribacteria",0,50.88,0,0,0,0,0,0,0,0,0
"Halanaerobiales class incertae sedis",49.77,55.62,46.62,52.46,53.18,45.78,49.33,54.43,56.3,58.98,59.7
"Pacearchaeota",69.54,0,68.21,68.21,72.1,74.66,71.55,75.54,69.82,70.27,74.14
"Deep Sea Euryarchaeotic Group(DSEG)",37.24,0,0,0,0,0,0,0,0,0,0
"Sphingobacteriales",85.33,64.6,0,0,0,58.22,73.57,93.92,61.33,67.56,66.9
"Cytophagales",71.6,81.44,73.35,68.16,69.46,63.75,70.86,73.84,76.23,71.42,74.48
"Bacteroidales",0,85.15,0,77.23,74.11,72.99,75.36,85.81,72.63,82.39,81.45
"Bacteroidia Incertae Sedis",62.12,62.85,52.67,54.54,56.98,55.95,61.58,64.33,61.32,67.46,63.85
"Flavobacteriales",0,0,0,0,71.97,69.46,0,0,0,0,0
"Saprospirales",81.65,73.01,80.49,75.29,76.63,65.27,73.06,70.15,65.74,74.5,66.72
"Chitinophagales",0,64.22,84.4,76.36,76.09,71.65,73.76,69.24,66.34,72.62,80.9
"Gemmatimonadales",79.58,78.41,76.45,81.12,81.97,85.24,84.09,83.4,87.39,82.2,84.09
"Rhodothermales",81.65,89.72,79.12,82.8,83.26,81.06,87.71,86.11,82.23,85.5,87.87
"Chlorobiales",63.19,63.03,0,53.71,63.34,54.12,66.54,65.65,59.51,74.59,69.35
"Fibrobacterales",72.16,75.06,74.14,67.18,70.56,77.66,71.45,83.39,75.13,72.33,73.18
"possible order 07",71.69,77.89,71.12,71.4,74.74,78.71,84.13,79.67,69.45,76.51,78.24
"Ignavibacteriales",0,68.66,69.21,64.61,65.44,68.07,60.24,71.93,61.38,69.45,83.22
"Burkholderiales",59.26,66.35,0,0,0,47.36,0,0,0,0,0
"SC-I-84",92.02,82.27,71.94,86.32,92.61,0,78.66,88.34,72.35,76.23,76.61
"TRA3-20",0,72.84,73.66,0,0,66.86,63.91,0,61.65,0,0
"B1-7BS",83.51,68.88,0,83.08,80.48,0,0,79.38,72.7,71.76,71.91
"Rhizobiales",0,78.9,0,0,0,61.05,0,77.68,0,0,0
"Rickettsiales",0,69.91,57.03,70.61,70.33,55.86,63.53,69.38,59.05,70.53,76.73
"Sphingomonadales",91.23,86.85,0,0,0,70.27,0,0,0,75.96,85.15
"Rhodospirillales",70.43,78.96,70.76,75.88,75.54,76.12,79.18,79.8,75.35,78.57,75.85
"S26-47",0,0,0,0,0,0,0,0,0,0,0
"Thiotrichales",55.72,59.38,57.67,74.08,59.54,0,78.46,61.88,0,55.83,63.84
"Xanthomonadales",70.63,73.69,72.41,72.2,71.57,74.82,74.48,71.91,73.34,71.8,72.23
"Oceanospirillales",59.87,72.16,75.26,74.97,76.63,0,58.98,68.83,0,73.68,77.08
"Cellvibrionales",60.95,71.04,0,57.87,60.92,0,62.49,63.56,76.08,58.02,64.94
"Methylococcales",89.86,92.14,0,0,0,0,0,0,0,0,0
"34P16",41.86,44.75,0,0,0,0,0,0,34.97,41.87,41.14
"E01-9C-26 marine group",77.58,84.61,74.17,70.35,73.36,70.63,77.48,82.33,71.84,77.65,82.4
"HTA4",0,0,79.55,72.5,71.48,69.2,0,68.72,0,68.86,76.71
"KI89A clade",72.53,79.57,66.68,70.16,70.07,70.46,73.18,73.69,73.33,77.06,75.79
"Sva0071",0,71.29,68.88,0,64.55,66.33,0,62.55,0,0,0
"BD7-8 marine group",82.93,90.95,78.01,83.78,82,80.22,86.32,86.15,83.61,87.54,87.76
"X35",0,0,0,0,0,0,0,0,0,58.43,51.32
"HOC36",79.59,88.9,77.93,83.67,80.87,73.28,81.51,81.5,73.22,79.32,85.69
"1013-28-CG33",0,0,64.5,0,0,73.1,68.17,67.77,61.96,74.55,0
"EC3",60.72,67.71,74.79,70.49,69.76,61.98,68.11,67.85,65.89,66.98,65.75
"Run-SP154",70.71,90.4,0,0,0,78.11,87.47,73.87,0,69.85,70.02
"PYR10d3",77.36,74.87,60.31,60.9,56.54,0,58.78,68.95,0,0,55.04
"CS-B046",75.43,83.45,73.98,76.71,76.58,85.27,78.6,80.59,74.78,76.64,73.96
"SS1-B-09-64",52.43,63.17,50.51,57.16,53.48,46.4,56.44,60.76,43.18,55.87,59.93
"OXIC-003",67.61,51.39,0,0,0,0,0,0,0,47.59,38.96
"Bdellovibrionales",0,65.96,0,66.27,61.27,0,61.1,60.56,61.58,61.25,60.58
"Myxococcales",59.32,65.43,0,0,0,0,57.43,62.07,57.14,59.39,58.19
"Desulfuromonadales",77.27,75.87,0,90.93,87.79,0,77.23,88.07,78.88,91.33,72.67
"Sva0485",74.89,0,71.87,68.59,75.61,77.35,73.25,73.26,73.54,70.32,72.51
"Desulfobacterales",74.45,75.42,72.66,66.53,72.75,84.54,72.79,71.96,76.65,71.63,73.11
"Desulfarculales",0,0,0,0,0,0,0,0,0,0,0
"Bradymonadales",0,64.96,0,0,0,0,0,0,0,0,0
"Oligoflexales",61.38,68.89,64.15,63.78,64.57,0,60.96,67.21,0,58.36,60.03
"NB1-j",80.05,84.26,74.46,78.76,75.87,77.95,80.81,81.74,78.84,81.93,81.64
"SAR324 clade(Marine group B)",65.4,69.55,64.14,59.1,58.75,61.58,62.99,61.19,62.75,66.24,61.98
"43F-1404R",0,0,0,0,0,0,0,0,0,85.09,87.26
"10bav-F6",0,42.37,78.46,37.71,42.42,46.45,38.37,60.83,38.94,46.5,41.69
"FW113",48.16,54.24,78.26,44.85,54.24,49.05,42.83,54.62,51.71,44.85,46.49
"5m83",76.25,78.25,70.21,70.1,71.56,74.9,76.45,75.65,74.1,77.19,77.76
"Clostridiales",87.26,80.95,71.36,75.82,77.14,70.16,74.27,74.53,76.49,75.1,79.4
"D8A-2",0,31.01,0,0,0,0,37.73,0,23.21,22.76,22.41
"Bacillales",0,0,81.43,77.43,72.81,70.66,68.36,0,77.49,78.58,72.7
"Mollicutes RF9",64.33,71.44,56.78,54.91,56.2,0,58.98,65.72,54.46,57.76,63.57
"NB1-n",69.37,89.13,86.65,86.26,86.22,78.96,83.08,82.51,88.84,89.99,88.43
"Nostocales",0,46.46,0,0,0,36.76,0,0,0,0,0
"Pleurocapsales",0,80.07,85.03,90.9,89.33,75.92,78.25,78.7,87.66,79.72,83.2
"Gastranaerophilales",58.05,42.79,0,0,0,0,0,0,0,44.16,41.08
"Frankiales",0,0,0,0,0,49.2,0,0,0,0,0
"PeM15",82.39,80.94,65.99,66.49,73.21,70.76,73.19,86.37,69.46,72.1,79.04
"Gaiellales",0,0,0,0,0,61.04,0,0,0,0,0
"Acidimicrobiales",79.44,83.6,75.75,79.31,85.07,83.08,85.55,85.03,84.28,86.58,86.1
"Nitriliruptorales",56.24,65.71,72.14,75.3,79.58,55.22,63.83,65.56,56,69.99,65.38
"vadinBA26",0,64.94,80.56,0,62.55,65.1,0,69.8,63.68,59.46,61.12
"GIF9",60.72,65.99,78.73,0,0,61.8,68.88,91.33,66.92,80.38,69.66
"GIF3",69.91,72.53,81.58,0,0,70.43,0,75.77,70.51,72.45,72.55
"MSBL5",69.57,77.59,89.95,75.19,72.67,71.8,70.13,75.12,68.04,75.64,71.31
"FW22",0,0,74.47,61.99,51.19,59.36,44.13,61.35,60.45,50.86,67.32
"Napoli-4B-65",42.02,38.98,66.92,46.58,43.71,42.71,44.09,92.37,39.2,53.2,53.66
"FS117-23B-02",0,69.43,0,0,0,59.92,0,62.92,57.6,61.51,62.94
"Anaerolineales",0,0,62.34,62.94,62,0,66.85,65.54,0,0,65.08
"Chloroflexales",47.86,52.86,0,0,0,0,0,34.79,0,34.37,37.59
"Ardenticatenales",67.93,56.19,55.86,53.15,68.43,50.92,55.44,58.15,73.94,79.33,80.63
"JG30-KF-CM45",67.09,55.99,0,0,71.41,0,0,63.43,0,0,0
"AKYG1722",69.29,64.46,74.25,57.39,57.5,71.39,67.69,59.65,68.38,68.63,72.03
"KD4-96",0,0,0,0,0,70.11,0,0,0,0,0
"Gitt-GS-136",0,62.78,0,0,0,47.68,0,56.77,0,0,0
"Thermoflexales",0,24.04,63.81,38.64,37.06,23.7,0,21.76,0,0,0
"KD3-62",0,51.69,75.94,65.08,71.47,49.45,49.01,50.25,56.92,57.4,52.68
"Fimbriimonadales",0,0,63.63,65.27,61.59,81.37,0,0,60.9,49.35,70.21
"Spirochaetales",64.01,73.14,68.14,66.91,69.99,72.48,68.25,70.98,67.3,66.61,68.85
"Leptospiriales",0,0,82.07,76.13,0,52.39,0,0,0,0,0
"PL-11B10",65.89,82.9,74.14,70.88,73.48,62.53,68.26,72.19,69.63,80.15,70.95
"Planctomycetales",61.73,67.38,67.09,67.28,67.02,67,67.09,66.32,64.96,65.07,66.41
"MSBL9",77.24,79.16,77.89,68.16,72,80.52,71.51,79,73.63,68.48,72.94
"Phycisphaerales",72.35,74.74,69.38,70.11,72.51,66.46,70.92,71.53,67.98,69.73,71.88
"SHA-43",0,0,82.2,71.85,68.18,64.91,68.78,70.07,68.2,67.26,71.39
"mle1-8",0,60.36,0,0,0,0,0,0,0,0,0
"CCM11a",0,0,0,0,0,0,0,0,0,0,0
"KCLunmb-38-53",53.2,51.08,44.11,49.91,49.66,57.37,54.5,60.51,57.14,48.33,54.9
"MSB-3A7 sediment group",80.86,83.97,73.31,66.37,74.93,83.12,72.72,82.26,75.79,72.17,75.3
"Pla1 lineage",66.5,72.28,78.31,62.09,54.81,67.48,60.62,75.2,71.38,60.65,61.82
"ODP1230B30.09",0,19.84,47.66,52.66,20.78,0,0,76.16,0,29.9,23.52
"C86",69.61,85.45,74.75,68.21,71.96,70.92,72.1,73.28,66.18,83.56,82.84
"Opitutae vadinHA64",0,43.34,0,0,0,0,0,0,0,0,0
"Puniceicoccales",55.12,64.97,55.11,52.41,71.85,0,55.48,64.03,50.88,78.9,78.79
"Verrucomicrobiales",0,0,0,0,0,0,0,0,0,0,0
"P.palmC41",0,70.92,62.07,55.9,67.97,60.94,57.65,59.91,0,0,0
"SS1-B-02-17",56.29,0,61.35,61.52,64.82,64.69,62.47,61.89,58.75,65.59,65.15
"Victivallales",74.96,72.03,0,0,0,0,66.7,69.87,0,55.05,55.66
"R76-B128",74.09,0,66.86,64.93,65.56,74.39,63.27,65.81,67.44,62.54,64.15
"Campylobacterales",0,44.48,42.05,0,0,46.48,46.39,48.15,44.56,60.15,46.87
"Desulfurellales",50.45,46.42,0,0,0,0,63.72,63.63,0,0,0
"Blastocatellales",27.83,28.83,37.79,32.53,36.03,33.28,37.69,33.94,55.55,30.96,35.46
"Acidobacteria group 23",76.06,0,71.85,71.07,77.19,80.51,75.2,74.42,75.14,72.3,74.06
"Acidobacteria group 10",76.19,88.11,72.56,75.1,84.72,73.11,86.06,84.61,77.08,86.76,87.28
"Acanthopleuribacterales (Acidobacteria group 8)",0,58.26,0,0,0,0,0,0,0,0,45.53
"Acidobacteria group 22",73.36,78.73,66.24,72.56,69.39,71.18,76.23,75.12,74.05,76.24,76.52
"Acidobacteria group 26",72.36,78.35,0,0,0,0,68.5,66.48,60.42,68.73,63.63
"Fusobacteriales",65.95,74.04,0,58.39,62.89,0,67.42,69.84,55.97,62.98,71.27
"4-29",0,0,36.46,0,0,0,0,0,0,0,25.86
"Lineage IIb",0,67.99,0,0,0,0,57.3,0,0,0,0
"Halanaerobiales",0,70.93,64.57,64.13,63.97,70.34,63.51,63.98,67.76,68.68,64.37
"Nitrospirales",0,0,0,0,0,0,82.03,80.24,0,0,0
"AMOS1A-4113-D04",71.83,53.49,58.38,57.37,51.13,58.32,50.24,54.91,49.88,50.08,76.37
"Marine Benthic Group D and DHVEG-1",0,65.07,80.98,66,63.78,64.84,0,64.43,66.95,74.31,75.07
"CCA47",38.45,52.64,49.84,56.25,51.21,52.91,52.74,51.89,43.95,50.51,49.15
"Ca. Nitrosopumilales",85.96,92.98,83.69,88.02,88.47,89.7,92.28,92.19,91.78,93.74,91.61
"Nitrososphaerales",0,76.18,0,0,0,64.71,0,78.48,0,0,0
"NS11-12 marine group",0,83.66,81.72,0,70.84,0,0,0,0,0,0
"Lentimicrobiaceae",87.86,93.31,85.76,80.2,82.36,83.47,81.17,91.01,81.1,82.5,82.64
"PHOS-HE51",76.63,79.57,0,0,0,0,75.17,85.87,78.02,82.09,75.71
"env.OPS 17",72.9,76.09,64.01,0,0,59.19,0,0,0,0,68.77
"KD3-93",0,58.73,0,0,0,53.86,0,0,0,0,0
"ST-12K33",59.31,68.73,56.56,66.22,68.33,64.14,71.25,64.88,63.5,73.1,70.38
"AKYH767",66,67.11,0,71.27,69.72,0,60.78,73.23,65.65,63.39,67.32
"LiUU-11-161",43.74,55.96,0,0,0,0,0,0,0,46.28,42.25
"Flammeovirgaceae",0,65.81,0,0,0,69.12,0,0,63.87,0,0
"Cytophagaceae",0,90.01,72.09,0,0,68.82,0,0,0,0,0
"Cyclobacteriaceae",62.37,69.45,0,58.58,64.96,53.94,58.42,67.28,0,68.76,69.81
"Catalimonadaceae ",0,0,71.21,69.08,69.21,74.34,68.75,67.49,67.97,63.6,66
"Porphyromonadaceae",0,69.57,57.21,0,0,0,0,0,0,0,0
"Marinilabiaceae",80.76,86.19,78.08,78.39,81.27,80.65,76.8,83.66,75.41,80.46,82.57
"Prolixibacteraceae",65.42,71.98,65.62,63.85,63.41,55.72,68,67.9,60.9,68.16,66.82
"Rikenellaceae",43.24,60.79,0,0,0,0,37.49,0,36.19,41.82,42.51
"Odoribacteraceae",0,61.12,0,53.49,0,53.83,61.15,61.87,55.94,59.7,61.26
"M2PB4-65 termite group",32.47,81.55,0,0,0,0,0,0,0,40,39.52
"Draconibacteriaceae",79.1,86.11,88.57,81.55,82.84,84.28,90.02,88.79,79.17,85.49,83.93
"Flavobacteriaceae",0,0,0,69.46,70.07,0,0,0,0,0,0
"Cryomorphaceae",79.48,66.69,0,0,65,0,0,73.45,0,0,72.9
"NS9 marine group",77.5,69.35,0,0,0,0,0,0,0,0,0
"Crocinitomicaceae",0,82.03,0,0,0,0,0,0,0,0,0
"NS7 marine group",70.69,55.2,0,53.75,63.56,54.07,60.59,63.99,64.31,60.78,59.95
"Haliscomenobacteraceae",0,0,79.66,74.48,74.54,69.16,0,89.99,0,83.79,84.8
"Lweinellacea",76.39,87.14,86.55,85.33,78.98,75.06,80.44,81.37,74.54,79.44,77.51
"Saprospiraceae",0,0,64.84,67.33,68.37,62.63,63.78,64.65,0,61.76,65.31
"Chitinophagaceae",93.8,82.99,0,0,0,0,0,82.89,0,80.06,80.91
"BIgi5",0,0,0,0,30.59,0,0,0,0,0,0
"Gemmatimonadaceae",0,0,66.2,0,0,64.71,60.09,0,0,0,0
"Longimicrobiaceae",51.58,0,38.87,51.51,47.33,40.14,39.95,36.53,49.25,57.23,66.92
"SJA-28",72.96,67.29,0,0,0,0,57.47,78.36,0,62.16,64.25
"OPB56",78.17,84.62,74.65,78.49,78.05,68.92,81.47,88.72,72.64,74.51,75.88
"09D2Z46",54.38,55.58,54.61,55.69,57.98,59.37,56.55,54.34,58.24,59.5,61.34
"FD035",66.01,80.83,76.42,76.49,81.26,75.94,79.51,84.68,83.54,84.62,82.18
"Fibrobacteraceae",72.24,64.49,0,0,0,0,68.55,0,65.01,63.01,65.05
"possible family 01",65.73,68.74,56.48,62.63,66.96,65.3,67.28,72.97,63.89,66.42,66.93
"Caldithrix family incertae sedis",0,64.69,62.36,65.53,64.36,79.19,0,73.62,0,0,0
"BSV26",71.89,65.62,0,0,0,65.95,0,76.18,0,0,0
"PHOS-HE36",0,0,73.74,71.83,72.32,63.46,69.4,65.38,65,67.55,71.21
"IheB3-7",75.13,81.1,69.01,68.61,67.18,71.02,72.33,73.37,62.96,65.49,67.08
"Comamonadaceae",94.01,85.56,0,0,0,81.45,0,85.81,0,0,80.05
"Burkholderiaceae",57.8,56.78,0,81.43,50.1,0,47.43,58,56.66,48.82,48.67
"Oxalobacteraceae",61.43,75.61,0,0,0,0,0,69.53,55.34,63.72,64.64
"Alcaligenaceae",93.54,90.59,0,82.51,89.26,61.55,0,87.51,0,88.02,77.99
"Rhodocyclaceae",80.27,86.21,0,0,0,0,80.65,85.21,77.08,80.4,81.5
"Nitrosomonadaceae",79.73,88.67,0,0,0,67.97,0,0,0,0,0
"Gallionellaceae",69.73,80.79,0,0,0,73.77,0,0,0,72.21,71.99
"Hydrogenophilaceae",0,0,80.11,75.87,72.91,81.59,82.58,83.68,78.56,76.42,73.02
"Neisseriaceae",51.47,65.33,0,43.28,0,0,46.02,51.04,0,46.19,50.42
"Methylophilaceae",80.16,80.88,0,85,77.94,0,72.29,83.55,75.88,80.08,76.44
"Phyllobacteriaceae",0,0,71.73,67.87,68.67,61.4,0,70.93,61.37,66.54,62.59
"Bradyrhizobiaceae",86.66,75.99,0,78.08,83.36,65.11,61.29,83.1,74.81,84.69,83.78
"Rhizobiaceae",79.51,70.27,0,65.79,76.31,0,53.2,78.55,64.83,60.42,69.65
"Hyphomicrobiaceae",0,0,72.3,70.22,67.43,69.09,66.96,88.69,67.75,72.83,67
"Xanthobacteraceae",78.21,83.5,0,0,80.97,61.8,0,78.24,0,78.8,76.46
"Rhodobiaceae",77.29,77.62,77.63,72.49,71.74,74.13,77.47,75.38,76.78,80.32,80.72
"A0839",86.25,67.75,0,71.67,79.87,0,0,81.78,76.66,75.31,76.9
"OCS116 clade",70.8,83.83,69.46,67.42,76.73,60.42,76.55,78.06,77.66,79.35,86.59
"MNG7",90.44,80.8,0,83.9,93.66,0,0,90.53,83.12,80.91,77.56
"KF-JG30-B3",0,64.77,67.78,65.67,64.74,72.96,64.19,60.9,61.22,55.5,57.27
"JG34-KF-361",0,0,48.83,0,0,79.44,0,0,0,0,0
"DUNssu044",0,0,0,0,0,75.18,0,0,0,0,0
"JG35-K1-AG5",72.07,67.02,0,66.06,73.99,0,0,69.16,64.61,68.56,65.97
"B142",0,30.29,0,0,0,0,16.14,0,0,0,16.18
"Rickettsiaceae",0,57.85,58.91,60.03,58.5,0,60.23,56.88,0,64.83,64.25
"[Caedibacter] caryophilus group",0,0,0,0,0,0,0,0,0,0,0
"TK34",90.93,77.45,64.25,74.12,76.56,80.38,86.14,81.89,79.94,92.29,90.03
"SHWN-night2",41.37,57.23,0,56.12,69.69,0,44.89,42.21,63.82,52.96,59.09
"EF100-94H03",0,0,0,0,0,0,0,0,0,0,0
"Rhodobacteraceae",0,0,65.04,66.09,67.02,80.02,0,0,60.16,67.18,66.23
"Sphingomonadaceae",93.84,75.99,0,0,0,65.32,0,0,0,0,70.1
"Erythrobacteraceae",0,0,73.29,73.26,72.2,68.65,0,0,63.68,66.75,0
"Rhodospirillaceae",82.67,87.89,80.55,84.75,82.65,84.05,86.75,86.77,85.46,88.6,88.18
"Acetobacteraceae",64.16,72.04,0,76.12,64.6,0,62.68,72.66,67.53,67.79,68.43
"DA111",0,67.05,0,64.39,58.46,0,62.85,72.11,55.35,60.95,59.03
"Rhodospirillales Incertae Sedis",0,70.01,61.92,58.46,60.41,65.88,60.41,60.95,61.82,64.32,62.07
"AT-s3-44",75.3,81.99,74.16,63.46,76.55,68.08,71.45,81.39,64.62,71.54,71.53
"JG37-AG-20",55.62,66.73,0,0,64.29,0,55.35,63.3,0,55.39,59.26
"MSB-1E8",76.93,87.65,80.57,75.77,84.66,79.34,80.56,80.28,83.47,80.42,87.79
"MND8",64.91,68.18,0,0,0,0,0,73.29,67.19,61.09,62.93
"Caulobacteraceae",0,58.92,0,0,0,57.73,0,0,0,0,0
"Hyphomonadaceae",0,0,0,0,0,0,0,0,0,0,0
"Parvularculaceae",73.97,82.65,70.35,75.44,76.84,69.56,75.04,71.01,71.08,74.22,71.2
"Moraxellaceae",77.69,79.22,0,82.41,0,0,73.88,78.13,63.07,73.03,80.58
"Pseudoalteromonadaceae",63.63,62.15,0,0,64.78,0,47.17,53.46,0,43.43,47.73
"Alteromonadaceae",52.93,66.06,54.9,59.73,64.06,0,50.81,64.27,0,62.43,67.99
"Colwelliaceae",53.51,69.28,0,0,0,0,50.23,62.73,0,54.64,58.82
"Thiotrichaceae",68.31,70.17,0,0,0,0,0,0,62.98,65.55,61.34
"Piscirickettsiaceae",0,0,71.38,62.22,62.75,72.52,0,0,67.14,56.38,62.84
"Fangia - Caedibacter clade",0,0,0,0,0,0,0,0,0,0,0
"Xanthomonadales Incertae Sedis",82.84,88.67,79.42,82.07,94.71,0,77.92,90.08,76.86,81.89,81.34
"Xanthomonadaceae",87.83,79.97,0,0,0,0,68.07,79.82,0,81.77,86.52
"Woeseiaceae",74.07,87.2,66.34,70.17,71.78,71.34,74.58,73.77,78.71,74.75,77.72
"Arenicellaceae",69.82,0,72.91,77.21,73.68,0,0,0,0,0,0
"Alcanivoracaceae",0,51.57,0,0,0,47.74,0,0,0,0,0
"Oceanospirillaceae",79.96,71.73,63.23,64.33,65.93,64.66,68.8,72.14,75.75,63.51,69.24
"Hahellaceae",0,26.49,25.99,26.64,26.64,0,0,0,0,0,0
"OM182 clade",74.81,89.81,77.32,72.05,77.04,68.45,80.91,80.7,75.75,81.63,81.2
"SS1-B-06-26",0,0,73.81,66.85,67.11,73.05,0,62.29,70.12,59.95,67.44
"MBAE14",78.66,76.96,85.15,79.1,90.93,71.34,84.36,85.2,74.72,87.46,90.22
"Vibrionaceae",0,46.22,0,0,0,0,0,0,0,0,0
"Chromatiaceae",75.91,0,0,0,0,47.5,50.01,48.04,44.78,48.81,50.34
"Ectothiorhodospiraceae",66.94,0,0,0,0,0,63.38,0,0,60.38,57.71
"Granulosicoccaceae",74.55,81.04,68.09,56.39,66.04,66.21,74.37,83.21,67.33,75.71,75.06
"Aeromonadaceae",59.24,73.9,0,52.16,0,0,53.49,0,54.88,56.02,0
"Legionellaceae",55.46,66.92,0,0,0,52.65,53.51,57.18,61.03,59.17,56.04
"Coxiellaceae",0,58.04,58.61,58.4,0,66.02,60.86,60.58,62.57,0,59.91
"Halieaceae",72.98,0,66.63,0,64.95,70.92,67.05,63.23,68.05,62.28,61.69
"Cellvibrionaceae",77.04,78.27,70.77,68.14,67.76,0,70.77,71.28,70.15,78.96,66.9
"Porticoccaceae",80.63,75.04,0,0,0,0,0,79.62,65.27,78.45,76.51
"Spongiibacteraceae",66.08,65.45,0,0,0,0,63.94,0,0,0,0
"BD2-7",55.48,72.3,66.06,60.5,65.55,0,51,70.62,46.06,55.8,68.65
"Salinisphaeraceae",66.34,75.12,79.84,73.4,79.46,69.84,75.87,75.47,65.71,79.57,84.23
"Methylococcaceae",49.81,41.05,0,0,0,0,0,0,0,0,38.47
"Marine Methylotrophic Group 2",0,0,0,0,0,0,0,0,0,0,0
"Marine Methylotrophic Group 1",0,34.67,58.34,65.58,64.02,43.06,38.26,44.52,36.88,45.85,46.17
"pItb-vmat-59",0,48.68,72.4,77.64,75.6,48.53,55.04,60.72,0,52.28,42.83
"pLW-20",39.41,0,0,0,0,36.09,0,0,38.4,0,0
"KCM-B-112",0,35.68,58.57,64.56,48.79,30.22,66.6,34.42,0,29.96,31.63
"Acidiferrobacteraceae",69.41,67.33,65.99,61.02,61.65,67.88,69.77,72.15,61.38,71.5,67.73
"Sedimenticola family incertae sedis",0,0,0,0,0,0,0,0,68.76,61.64,0
"Thiolapillus family incertae sedis",0,28.63,0,30.69,35.14,35.23,37.86,34.69,38.08,48.96,48.55
"Thiohalophilus family incertae sedis",62.8,0,0,0,0,0,0,0,0,35.26,24.22
"Bacteriovoracaceae",0,0,77.38,0,68.84,78.22,0,0,0,0,0
"Bdellovibrionaceae",62.34,66.05,67.18,63.51,64.27,62.94,63.3,67.42,63.03,64.81,64.44
"Sandaracinaceae",66.64,78.08,66.99,68.2,67.24,65.52,70.36,69.71,66.23,72.64,71.14
"Polyangiaceae",50.4,50.12,0,0,0,42.93,0,0,0,0,0
"Nannocystaceae",70.73,78.95,68.44,71.99,70.06,64.01,69.43,71.72,81.91,75.99,87.56
"P3OB-42",0,70.5,0,0,0,0,0,0,0,0,0
"Haliangiaceae",72.09,76.21,66.16,66.96,67.71,67.12,69.72,68.64,71.07,72.1,70.92
"VHS-B3-70",69.79,76.44,68.34,66.42,73.09,75.14,70.09,74.6,72.3,70.23,72.68
"mle1-27",0,53.23,0,34.24,36.1,0,36.81,46.97,38.77,43.53,44.84
"bacteriap25",0,56.74,57.72,56.91,61.01,62.38,0,70.91,55.49,68.34,67.93
"VHS-B4-70",80.09,0,75.48,74.52,75.98,74.77,69.31,70.04,75.74,70.59,71.3
"Blfdi19",66.37,0,70.81,70.02,70.34,61.46,0,66.12,0,0,0
"BIrii41",70.29,0,0,0,72.87,0,66.77,70.33,75.43,66.04,69.73
"UASB-TL25",0,71.38,65.9,0,65,65.78,59.75,67.88,0,67.93,67.74
"Eel-36e1D6",0,71.68,0,0,0,0,0,0,0,0,0
"PS-B29",83.08,0,71.38,69.1,73.3,78.89,72.96,73.83,71.54,71.3,72.21
"MidBa8",87.04,84.33,79.85,80.18,82.51,81.67,80.37,84.15,79.48,81.48,83.66
"Desulfuromonadaceae",0,0,61.93,65.49,66.42,0,72.74,70.55,64.93,61.71,62.47
"Sva1033",92.51,88.89,81.23,75,77.4,81.47,80.87,81.43,78.38,82.77,80.03
"MA-28-I98C",43.87,51.97,0,0,0,0,44.38,0,0,46.11,47.1
"Desulfobacteraceae",78.4,85.11,73.18,76.73,78.91,80.4,78.32,83.02,74.64,76.82,79.27
"Desulfobulbaceae",65.44,75.38,67.01,67.12,73.77,75.54,74.15,70.74,69.51,69.71,71.66
"Desulfarculaceae",0,0,85.63,87.43,81.1,75.04,79.8,82.8,0,68.46,0
"Syntrophaceae",0,81.22,89.73,91.83,88.36,75.05,90.75,93.5,75.03,77.11,75
"Syntrophobacteraceae",73.26,67.92,69.33,74.95,75.29,0,69.78,79.09,82.67,85.52,86.82
"Oligoflexaceae",0,71.33,0,0,0,0,0,0,0,68.1,68.37
"0319-6G20",69.24,0,0,0,71.36,0,68.65,76.25,63.27,68.05,63.82
"Ca. Tenderia family incertae sedis",55.92,48.25,57.94,90.22,70.84,0,51.08,0,55.99,56.93,78.38
"Ruminococcaceae",92.48,85.02,87.84,85.63,86.77,85.68,85.56,84.58,83.45,88.25,87.01
"Lachnospiraceae",85.72,85.16,76.46,77.24,76.78,67.84,74.47,76.54,73.37,74.05,79.87
"Clostridiales vadinBB60 group",59.32,63.23,61.43,69.9,61.99,64.04,67,64.22,65.93,69.75,72.48
"Christensenellaceae",80.55,83.66,80.1,87.56,85.61,82.53,83.34,80.34,85.16,85.6,82.4
"Peptostreptococcaceae",0,0,66.06,68.33,0,60.32,0,0,62.19,65.33,65.97
"Family XI (Clostridiales)",47.91,66.03,0,45.65,48.51,0,91.04,45,47.7,45.81,47.27
"Peptococcaceae",78.5,73.15,71.46,76.26,72.9,67.09,77.83,71.43,71.71,75.1,72.96
"Syntrophomonadaceae",0,45.73,83.58,74.79,71.1,0,53.47,0,0,39.77,40.36
"Defluviitaleaceae",56.34,72.75,61.99,59.9,58.62,52.43,57.49,69.53,57.05,64.46,59.38
"Family XII (Clostridiales)",0,66.56,0,0,0,0,66.44,66.99,0,50.26,61.45
"P. palm C-A 51",47.87,60.65,45.66,67.56,49.74,47.93,52.55,63.88,69.6,57.23,54.91
"Clostridiales Incertae Sedis",0,0,0,0,0,0,0,0,0,12.9,12.84
"TSAC18",0,17.01,0,0,0,0,0,0,0,13.5,0
"GoM-GC232-4463-Bac1",0,63.98,58.12,69.81,69.25,49.42,54.99,58.74,57.39,62.73,61.6
"livecontrolB21",0,35.48,36.43,36.3,37.57,32.62,63.39,47.82,38.51,38.13,37.79
"Streptococcaceae",0,53.31,0,44.95,39.92,0,43.91,40.74,0,0,0
"Carnobacteriaceae",0,0,35.99,37.89,40.27,33.41,52.57,40.65,0,64.57,64.2
"Veillonellaceae",45.95,57.19,0,0,42.59,0,45.06,49.47,40.76,43.83,42.38
"Acidaminococcaceae",45.07,66.05,0,0,0,0,0,0,0,0,0
"Synechococcaceae",0,54.4,0,0,0,0,0,0,0,63.3,58.86
"Pseudoanabaenacea",30.28,40.06,56.59,55.08,56.94,29.83,42.85,41.26,46.55,46.01,56.65
"Cyanobacteriaceae",27.91,32.09,43.52,60.09,60.11,18.58,30.19,35.58,33.58,44.69,76.45
"Micrococcaceae",0,59.09,64.13,0,0,72.31,0,0,62.1,57.33,58.78
"Microbacteriaceae",68.58,74.9,71.44,65.7,68.65,64.78,66.4,85.49,69.16,71.89,72.9
"Intrasporangiaceae",67.34,77.92,66.82,70.8,69.69,0,70.03,83.01,65.11,71.79,73.2
"Beutenbergiaceae",0,44.22,26.48,39.98,45.57,0,41.94,39.38,0,0,0
"Sporichthyaceae",51.97,0,0,0,0,73.21,0,0,0,0,0
"Propionibacteriaceae",61.61,72.71,0,61.39,60.35,60.37,64.2,65.12,0,58.55,64.89
"Nocardioidaceae",80.19,66.36,74.97,71.2,79.45,74.93,77.57,74,71.57,75.42,73.37
"Elev-16S-1332",70.44,67.53,74.22,75.02,73.98,76.52,75.06,72.87,74.05,70.88,73.24
"0319-6M6",0,50.17,0,0,65.35,72.52,0,0,0,0,0
"TM146",74.99,73.66,0,62.66,59.19,0,0,61.23,0,0,0
"Acidimicrobiaceae",71,70.7,80.54,77.1,78.83,73.83,76.34,75.87,73.43,73.23,75.93
"Sva0996 marine group",80.97,92.47,76.17,86.57,84.84,87.28,90.03,90.34,86.96,91.16,91.55
"OM1 clade",75.14,81.06,77.04,74.53,76.85,73.97,80.66,77.98,78.55,82.83,81.2
"Coriobacteriaceae",78.97,84.39,70.03,74.76,77.28,73.98,77.39,80.66,71,77.4,78.8
"Euzebyaceae",66.08,58.59,76.91,62.93,74.17,50.45,67.74,62.76,49.52,56.67,67.04
"Nitriliruptoraceae",62.63,47.27,87.78,74.89,79.53,57.86,63.82,69.05,66.38,85.54,66.49
"Anaerolineaceae",69.89,75.12,69.4,65.57,65.5,71.07,65.39,71.64,65.62,77.91,65.04
"Caldilineaceae",0,63.64,0,0,0,0,0,0,60.46,63.73,63.38
"Trueperaceae",70.58,73.44,84.54,83.57,87.6,69.84,84.39,82.04,65.66,74.42,84.23
"Spirochaetaceae",65.15,73.11,74.78,71.74,72.94,71.92,71.59,74.95,79.72,69.94,73.65
"Leptospiraceae",67.83,79.54,70.67,66.37,71.03,74.96,73.17,75.87,71.56,71.15,72
"Planctomycetaceae",62.6,68.22,66.56,65.98,67.35,64.67,67.55,67.38,64.46,65.91,66.69
"Phycisphaeraceae",77.35,83.19,72.84,79.66,74.17,76.42,82.88,82.25,76.13,82.53,82.8
"AKAU3564 sediment group",44.48,45.31,68.25,45.91,54.88,41.23,43.72,42.9,45.65,50.57,46.12
"Puniceicoccaceae",76.25,0,0,0,0,82.14,81.2,79.39,73.29,69.94,68.12
"Opitutaceae",49.46,43.84,0,0,0,0,0,0,0,0,0
"Verrucomicrobiaceae",90.67,87.41,0,83.91,84.1,0,0,0,77.05,88.9,0
"Rubritalecea",0,70.37,0,59.7,59.71,0,0,58.92,0,0,0
"DEV007",68.47,81.65,66.81,69.94,72.82,66.95,73.87,72.74,68.99,72.87,71.8
"DA101 soil group",74.97,76.51,0,83.4,82.81,0,71.2,81.17,74.89,68.96,74.38
"Lentisphaeraceae",28.43,59.89,0,30.36,37.33,0,32.89,43.64,28.01,36.18,46.54
"BD2-3",53.58,0,58.91,61.04,63.84,67,65.05,61.59,62.35,62.81,65.54
"Arctic95B-14",65.86,77.11,59.54,50.65,51.52,62.51,87.66,89.81,53.38,63.83,65.73
"Arcobacteraceae",0,0,0,0,0,0,0,0,0,0,0
"Thiovulaceae",35,39.21,35.07,39.34,41.71,39.45,41.35,41.69,37.7,35.13,39.01
"H16",0,0,65.08,62.83,62.1,66.06,0,71.39,60.68,0,0
"G55",0,66.47,63.26,64.83,68.39,67.01,62.62,63.6,60.18,53.37,55.96
"Synergistaceae",56.7,93.52,70.17,78.45,69.84,52.46,75.23,91.34,61.4,61.5,52.95
"Blastocatellaceae",0,76.91,64.64,0,0,65.55,0,0,0,0,0
"Acidobacteriaceae",62.67,68.61,0,63.59,71.66,0,59.59,66.45,65.12,59.59,58.42
"Holophagaceae",65.34,60.06,0,0,0,0,43.53,51.72,46.69,50.46,52.74
"Sva0725",84.42,89.26,75.11,79.57,81.03,81.87,88.47,87.23,86.03,90.06,89.85
"ABS-19",0,0,79.66,0,0,90.49,0,0,74.86,0,0
"NS72",84.4,85.55,89.13,67.49,79.61,74.67,83.91,82.84,69.42,77.47,81.71
"CA002",80.35,93.63,79.79,83.33,84.33,88.15,90.8,89.9,88.65,90.4,89.78
"TK85",87.29,92.94,81.6,67.49,75.24,76.16,84.54,77.5,74.96,82.96,86.98
"Acanthopleuribacteraceae",0,0,0,0,0,0,65.75,0,0,0,0
"PAUC26f",65.64,78.06,0,61.53,59.38,65.36,64.26,62.21,61.25,63.43,62.93
"GOUTB8",0,31.19,28.29,0,0,0,0,0,0,0,0
"Nitrospinaceae",39.54,47.4,37.77,39.25,48.11,43.96,42.92,42.21,37.57,40.84,43.08
"ODP1230B8.23",0,78.64,0,0,0,0,0,0,0,0,0
"Nitrospiraceae",74.03,0,0,66.73,67.77,0,72.38,71.02,0,90.36,81.14
"FW13",0,47.47,0,0,0,61.51,51.99,0,58.49,0,0
"ANME-1b",0,0,31.61,27.65,22.68,21.86,21.41,18.5,0,22.45,27.76
"Ca. Nitrosopumilus family incertae sedis",64.2,55.72,56.74,46.68,57.94,40.19,51.88,68.61,51.16,71.55,50.94
"Pedobacter",64.28,69.17,0,0,0,0,0,64.69,0,0,59.75
"Solitalea",46.33,44.17,0,0,0,0,0,0,0,0,0
"Roseivirga",0,0,0,0,22.28,0,0,0,0,0,0
"Marinoscillum",0,67.2,64.47,70.1,68.86,51.19,55.35,62.79,0,51.2,0
"Candidatus Amoebophilus",0,59.34,62.5,65.03,66.07,50.73,62.23,59.26,0,54.7,52.82
"Fulvivirga",49.59,60.43,0,0,0,0,54.58,52.7,0,54.48,47
"Reichenbachiella",39.81,60.85,0,0,0,0,0,0,40.5,59.76,63.34
"Marivirga",0,19.81,18.81,17.66,17.37,0,0,0,0,0,0
"Fabibacter",18.65,40.52,0,37.89,52.76,0,0,0,0,0,55.33
"Ekhidna",74.64,82.32,55.35,70.71,70.54,57.63,77.29,67.03,63.59,75.48,69.08
"Dyadobacter",59.49,71.26,0,0,0,0,58.05,68.1,54.69,59.36,62.11
"Flectobacillus",0,64.47,0,0,0,34.48,0,0,0,0,0
"Leadbetterella",73.49,65.96,0,0,0,54.79,0,0,0,0,59.07
"Cytophaga",57.13,57.96,0,0,0,0,0,0,0,0,0
"Chryseolinea",83.83,77.75,0,78.15,77.96,0,69.55,82.15,78.81,77,79.24
"Emticicia",49.15,66.47,0,0,0,0,0,0,0,0,43.53
"Arcicella",53.37,67.17,0,0,0,51.92,0,0,0,0,0
"Hymenobacter",56.91,63.36,0,47.94,62.62,0,0,56.55,46.45,49.44,53.5
"Pontibacter",60.47,0,48.03,53.8,48.16,45.84,38.33,39.59,46.87,58.65,64.6
"Algoriphagus",82.05,87.88,0,0,0,0,74.8,0,70.07,76.7,74.52
"Paludibacter",78.82,82.86,0,0,0,0,0,0,64.46,71.11,73.63
"Proteiniphilum",0,44.39,0,35.46,0,0,33.68,0,0,35.57,37.45
"Microbacter",69.01,75.34,0,61.61,61.31,0,66.22,68.83,61.51,69.05,68.06
"Macellibacteroides",63.5,75.23,0,59.11,0,57.67,59.98,58.18,55.17,63.46,60.29
"Bacteroides",61.72,76.05,57.05,0,0,0,0,0,0,0,0
"Prevotella 9",0,74.03,0,33.94,32.16,0,31.07,34.85,0,0,0
"Marinifilum",0,0,0,61.92,51.02,0,0,57.72,0,0,0
"Saccharicrinis",49.62,0,53.37,59.06,56.82,52.03,66.25,62.73,58.54,60.04,56.19
"[Cytophaga] xylanolytica group",74.96,75.11,0,0,0,0,65.17,73.62,64.6,68.45,71.88
"Carboxylicivirga",72.78,76.21,65.44,68.9,71.23,69.99,69.08,68.9,73.48,70.17,68.86
"Prolixibacter",72.83,73.43,0,56.26,68.8,60.65,62.12,72.57,63.35,67.24,68.56
"BSV13",61.78,75.83,0,61,0,0,61.63,71.29,61.83,68.69,69.05
"vadinBC27 wastewater-sludge group",49.26,70.72,0,0,0,0,45.31,45.55,40.37,46.55,46.29
"Blvii28 wastewater-sludge group",51.41,58.65,0,0,0,0,43.28,47.72,41.74,51.48,50.24
"Acetobacteroides",0,54.89,0,0,0,0,0,0,0,0,0
"Draconibacterium",73.22,89.31,87.87,81.77,83.27,83,79.58,85.16,87.25,85.66,84.42
"Chryseobacterium",73.85,77.18,0,0,0,0,64.28,72.83,55.77,61.84,67.66
"Flavobacterium",87.51,86.83,0,0,0,77.84,0,85.29,0,0,81.51
"Tenacibaculum",0,42.36,0,26.29,30.51,0,0,28.12,0,27.35,26.91
"Lutibacter",91.4,86.9,84.71,92.02,78.85,0,79.54,90.5,76.2,77.91,90.3
"Gillisia",0,56.19,53.62,42.88,45.53,56.37,50.3,38.1,34.18,36.86,42.06
"Maribacter",0,72.44,0,0,68.89,0,0,0,66.72,69.48,67.54
"Ulvibacter",73.58,79.77,0,66.5,62.5,0,0,0,70.28,71.4,67.11
"Winogradskyella",0,46.92,56.79,58.63,60.73,0,54.77,55.97,0,50.81,49.51
"Arenibacter",0,0,34.38,40.12,42.15,41.31,0,0,0,0,0
"Eudoraea",73.48,69.33,0,0,0,57.92,0,0,0,0,0
"Gramella",46.83,39.89,36.55,42.95,43.5,44.6,38.88,39.74,43.87,57.46,64.99
"Aureisphaera",62.37,60.42,79.41,53.1,96.56,0,59.01,75.54,72.54,81.84,84.43
"Aquibacter",63.85,70.04,68.88,78.17,75.15,71.25,76.78,78.68,0,71.19,76.64
"Maritimimonas",0,96.75,0,0,0,81.93,0,0,0,73.68,0
"Cloacibacterium",64.28,86.18,0,0,0,0,0,0,0,0,0
"Pseudofulvibacter",0,43.99,0,0,0,0,81.95,0,0,0,37.06
"Actibacter",80.52,80.73,70.33,70.62,75.45,83.98,76.09,76.18,75.53,73.76,73.48
"Gaetbulibacter",0,67.73,0,65.29,71.42,0,0,0,0,0,0
"Robiginitalea",77.5,74.78,71.39,78.76,81.05,0,0,76.55,0,76.26,66.85
"Mariniflexile",0,62.3,0,0,0,59.78,0,0,0,0,0
"Zeaxanthinibacter",69.24,77.23,70.69,71.26,82.51,70.43,75.31,73.08,76.89,81.75,79.72
"Sediminicola",30.4,38.76,28.33,33.99,45.47,39.67,39.71,41.85,30.56,41.58,37.29
"Lutimonas",83.7,81.83,78.16,72.41,69.93,81.85,75.63,80.1,76.27,70.93,69.15
"Gilvibacter",45.91,67.51,44.2,49.76,60.39,40.62,47.04,58.59,59.22,51.01,65.62
"Ornithobacterium",0,0,37.14,46.75,45.69,38.52,48.33,47.86,0,0,0
"Hoppeia",0,0,76.61,79.13,81.18,60.03,65.09,64.61,0,0,0
"Jejudonia",0,38.71,35.68,44.12,38.98,29.61,35.51,37.59,0,36.25,41
"Muriicola",82.98,76.09,74.88,73.12,89.37,80.23,82.3,85.1,79.8,85.83,86.28
"Aureitalea",31.94,34.33,63.55,86.1,66.44,20.03,30.66,40.03,46.68,60.75,49.83
"Schleiferia",73.12,79.03,60.04,70.77,82.57,64.97,75.86,76.62,78.12,70.9,80.99
"Fluviicola",0,75.62,0,0,67.49,0,0,0,0,0,0
"Crocinitomix",86.89,0,0,65.45,64.77,0,70.68,93.02,61.9,78.21,74.68
"Salinirepens",0,0,73.06,70.08,73.01,0,74.07,71.28,0,0,0
"Phaeodactylibacter",0,0,78.26,82.32,84.14,72.78,76.91,75.01,68.16,65.38,65.95
"Haliscomenobacter",67.18,66.63,0,0,0,0,59.32,62.21,49.7,61.93,62.14
"Portibacter",75.29,84.84,77.6,82.81,83.28,76.89,81.34,82.04,78.79,81.28,81.56
"Lewinella",78.59,82.3,90.94,86.5,87.16,70.49,76.54,76.34,69,82.25,74.01
"Aureispira",53.03,57.69,0,59.23,66.96,50.89,64.27,68.9,63.41,56.56,60.76
"Flavihumibacter",80.05,71.48,65.97,72.69,71.14,0,63.46,74.91,65.32,65.51,71.11
"Sediminibacterium",0,40.01,39.09,0,37.61,39.93,0,0,0,0,0
"Ferruginibacter",88.63,83.21,0,0,0,0,0,81.27,0,72.45,71.84
"Terrimonas",82.02,74.85,0,0,0,0,0,75.95,68.72,64.05,68.5
"Chitinophaga",60.11,68.52,0,0,0,0,58.06,64.55,57.91,59.32,61.76
"Filimonas",59.34,64.33,0,0,0,0,45.25,58.57,39.79,46.32,52.91
"Niastella",45.27,34.4,0,0,0,0,0,0,0,0,0
"Dinghuibacter",68.47,85.44,77.46,74.84,83.43,0,78.37,83.88,72.09,78.61,78.26
"Gracilimonas",19.66,28.29,25.55,25.59,24.78,0,0,0,0,0,0
"Gemmatimonas",66.17,73.3,0,0,68.96,0,62.2,74.96,65.96,65.33,68.09
"Fibrobacter",0,19.08,0,0,0,0,0,0,0,0,0
"Caldithrix",0,68.03,0,0,60.11,65.06,0,60.36,0,0,0
"Ca. Latescibacter",67.71,73.31,67.82,68.25,72.3,73.71,70.79,77.23,70.51,69.1,70.88
"Ignavibacterium",76.15,87.1,0,0,0,0,0,0,0,0,0
"Acidovorax",50.07,60.87,42.55,0,0,39.89,0,0,0,0,45.62
"Hydrogenophaga",0,53.57,0,0,0,0,0,0,0,71.6,60.77
"Comamonas",0,62.29,54.31,0,0,0,0,0,0,57.66,55.57
"Limnohabitans",0,72.87,63.26,0,57.88,57.22,0,0,0,0,0
"Polaromonas",63.94,71.69,0,0,0,0,54.2,0,53.95,57.29,56.96
"Ralstonia",0,0,0,0,0,0,0,0,0,0,0
"Limnobacter",0,0,0,0,0,0,0,0,0,0,0
"Lautropia",54.34,73.5,0,51.8,49.55,0,65.56,51.61,0,55.57,54.91
"Massilia",0,65.01,0,0,0,56.12,0,0,0,0,0
"Azoarcus",0,0,45.6,46.47,48.22,63.6,51.45,50.05,55.74,46.42,48.26
"Methyloversatilis",42.11,70,37.42,37.28,37.06,0,39.18,39.6,37.89,44.45,43.35
"Thauera",63.73,78.81,0,60.91,60.82,0,63.69,71.76,0,61.66,66.57
"Sulfuritalea",63.76,65.64,0,0,0,0,0,66.98,0,55.22,62.1
"Candidatus Accumulibacter",79.05,82.19,0,79.37,79.85,0,73.71,81.81,58.19,77.22,79.4
"Uliginosibacterium",55.9,60.4,0,0,0,0,0,0,43.09,50.47,54.84
"Zoogloea",61.92,79.05,0,0,0,0,55.97,0,52.07,57.03,59.3
"Propionivibrio",72.34,72.1,0,0,0,0,69.5,0,53.75,58.5,60.28
"Georgfuchsia",43.14,51.13,0,0,46.73,0,48.82,53.31,39.66,51.89,48.75
"Ferribacterium",0,73.13,0,0,0,50.04,0,0,0,0,0
"Nitrosomonas",70.95,77.33,0,71.2,71.76,75.95,74.67,74.47,81.42,78.41,82.35
"Gallionella",34.27,29.79,0,0,0,0,0,0,0,0,0
"Thiobacillus",83.01,82.28,0,0,69.71,70.51,0,82.72,0,0,77.59
"Ferritrophicum",76.55,70.62,0,0,0,62.33,0,0,0,0,0
"Deefgea",44.99,34.91,36.95,0,0,37.06,0,0,0,0,0
"Formivibrio",40.99,38.48,0,0,0,0,0,0,0,28.26,29.09
"Methylotenera",0,81.85,0,61.56,63.17,0,76.1,83.69,64.82,73.46,72.36
"Chitinivorax",0,54.84,0,0,0,0,0,0,0,0,38.07
"Mesorhizobium",0,59.63,0,0,0,0,59.33,53.95,0,0,0
"Pseudahrensia",73.86,77.42,0,0,0,0,63.14,63.15,74.01,66.38,71.81
"Oricola",0,0,67.74,64.4,65.79,63.17,68.75,64.56,68,68.74,68.33
"Ahrensia",49.2,62.75,61.63,55.21,61.29,41.65,58.07,66.4,69.81,67.7,71.81
"Cohaesibacter",85.04,89.19,59.8,75.82,67.26,82.49,80.98,85.38,73.67,87.4,78.93
"Bosea",72.17,59.08,0,42.22,54.47,0,45.91,58.87,0,43.75,54.09
"Rhizobium",63.66,66.05,0,0,68.52,0,54.47,72.04,53.55,55.43,59.21
"Hyphomicrobium",0,74.22,0,0,76.3,79.08,0,0,0,0,0
"Devosia",0,61.62,0,0,0,50.16,0,0,0,0,0
"Pedomicrobium",0,68.03,0,0,0,67.47,0,0,0,0,0
"Filomicrobium",79.41,84.11,67.2,66.79,69.4,71.2,77.52,75.14,74.34,83.1,77.73
"Pseudolabrys",0,0,0,0,0,0,0,0,0,0,0
"Variibacter",0,84,0,0,80.06,0,0,78.12,0,78.74,79.86
"Afifella",69.01,85.3,78.18,76.63,80.01,65.96,77.77,77.83,70.26,83.95,76.52
"Anderseniella",60.59,77.6,63.9,70.63,71.15,55.83,67.37,69.95,65.09,71.09,80.3
"Methyloceanibacter",43.88,65.06,0,0,0,0,48.68,0,0,53.82,62.34
"Rhizomicrobium",67.75,69.6,0,63.5,60.9,0,64.51,73.17,58.33,68.2,66.47
"Bauldia",0,0,84.38,0,0,79.89,0,0,0,0,0
"Nordella",58.01,69.89,0,71.13,67.94,0,58.67,69.88,65.56,58.04,62.04
"Rickettsia",0,19.81,0,0,0,0,0,0,0,0,17.63
"Paracoccus",69.93,76.57,0,56.63,59.57,54.53,61.04,61.68,55.81,60.75,58.6
"Sulfitobacter",59.61,71.68,46.46,52.8,54.92,50.44,63.46,59.01,59.01,68.35,67.33
"Loktanella",0,0,0,0,0,0,0,0,0,0,0
"Roseobacter clade NAC11-7 lineage",0,0,0,0,0,0,0,0,0,0,0
"Labrenzia",0,0,52.67,53.16,53.58,0,0,0,0,0,0
"Rhodobacter",76.21,82.79,0,74.95,78.81,0,71.38,80.97,67.14,77.48,80.04
"Pseudorhodobacter",0,69.28,0,61.16,0,0,0,0,0,69.03,77.84
"Aestuariivita",0,0,0,0,0,0,0,0,0,15.81,14.01
"Falsirhodobacter",0,0,0,0,0,55.21,0,0,0,0,0
"Oceaniovalibus",0,0,0,44.55,43.7,0,41.25,37.86,0,0,0
"Defluviimonas",0,76.06,0,0,0,63.98,0,0,79.04,0,0
"Roseovarius",64.98,73.55,64.15,64.31,62.88,0,0,56.96,76.25,64.54,73.23
"Sedimentitalea",0,0,62.63,66.39,73.81,54.32,54.75,61.53,35.87,43.25,64.9
"Halocynthiibacter",0,0,28.18,0,31.73,0,0,0,0,0,0
"Albimonas",0,0,0,0,0,0,0,0,0,47.36,0
"Albirhodobacter",66.13,77.05,0,57.37,0,0,0,82.78,0,57.47,64.56
"Ketogulonicigenium",0,0,75.28,65.3,68.4,58.13,63.52,0,60.74,63.06,60.85
"Roseobacter",47.4,58.81,58,61.93,61.4,50.1,54.08,56.31,56.4,62.21,58.48
"Palleronia",52.38,47.16,59.14,50.21,54.23,49.82,41.17,39.71,55.75,48.16,73.46
"Dinoroseobacter",0,54,45.2,0,0,47.94,0,0,40.33,0,0
"Sphingomonas",75.86,79.4,0,82.96,79.39,0,92.62,81.86,66.32,70.38,72.3
"Novosphingobium",93.77,81.51,0,0,0,0,0,84.34,0,81.08,77.15
"Sphingobium",70.31,73.11,0,0,0,0,63.46,66.63,58.14,66.11,65.5
"Sphingopyxis",89.8,80.07,0,0,0,0,0,83.01,0,74.81,73.23
"Zymomonas",56.33,66,0,0,0,0,49.93,58.07,48.32,63.24,61.6
"Sphingorhabdus",72.3,64.02,73.43,73.43,76.82,75.26,73.16,70.22,81.87,72.8,75.33
"Polymorphobacter",71.22,77.7,66.6,66.93,66.24,0,61.77,72.61,68.44,69.18,68.17
"Sphingomicrobium",61.79,66.63,65.93,67.11,74.5,59.96,63.25,65.29,69.48,72.25,67.56
"Parasphingopyxis",71.93,80.03,70.03,80.29,76.93,60.7,74.39,74,88.21,81.53,83.81
"Rhizorhapis",59.92,66.33,0,53.78,54.89,0,0,58.68,47.53,61.91,57.25
"Erythrobacter",0,73.42,63.25,71.26,68.86,0,0,0,0,65.8,63.37
"Altererythrobacter",0,0,62.68,0,0,64.22,0,0,64.03,66.81,0
"Tistlia",17.95,32.26,11.47,12.2,38.06,0,44.82,34.51,24.08,67.29,38.06
"Terasakiella",0,0,32.8,0,0,38.84,0,0,44.55,37.69,41.09
"Magnetospira",87.75,77.11,79.12,69.18,69.52,78.72,69.66,72.14,64.78,75.49,65.85
"Pelagibius",78.54,89.31,69.81,78.11,74.1,76.92,78.85,78.27,79.43,83.84,84.85
"Magnetovibrio",0,70.42,56.52,0,0,63.83,0,59.88,0,0,0
"Defluviicoccus",0,68.83,0,61.13,66.09,0,0,0,74.24,67.22,69.14
"Roseomonas",70.67,83.85,74.13,71.88,59.81,61.09,73.01,83.05,72.2,78.69,78.06
"Reyranella",68.78,81.08,67.57,82.31,80.4,0,68.3,82,80.76,74.39,75.23
"Candidatus Alysiosphaera",0,0,64.96,62.39,63.22,0,83.46,0,0,0,0
"Phenylobacterium",65.21,75.94,65.66,68.05,56.81,0,59.27,79.21,62.45,69.09,72.3
"Brevundimonas",87.11,70.86,0,0,0,58.64,0,70.18,0,0,57.99
"Caulobacter",65.29,64.81,0,0,0,0,0,65.64,48.41,60.06,55.6
"Hyphomonas",0,72.44,0,0,0,0,0,0,0,0,0
"Woodsholea",88.95,74.03,0,0,75.41,0,0,78.64,73.25,75.51,74.32
"Hirschia",78.2,82.73,0,84.05,85.42,0,70.5,86.41,78.35,79.44,77.56
"Emcibacter",51.9,0,58.9,57.43,62.18,57.37,51.14,60.37,48.85,45.23,48.65
"Pseudomonas",74.62,82.26,0,0,0,0,73.47,80.82,69.85,71.21,77.2
"Acinetobacter",81.92,89.94,0,78.83,0,0,79.42,79.32,0,78.56,84
"Psychrobacter",0,57.14,0,0,0,0,0,0,0,0,53.8
"Alkanindiges",71.12,82.08,0,0,0,0,0,0,0,0,63.43
"[Agitococcus] lubricus group",68.47,80.21,0,0,0,0,0,0,0,0,0
"Moritella",0,0,26.36,35.42,35.75,60.01,0,50.36,0,26.58,0
"Paramoritella",0,46.02,0,36.63,0,0,0,0,0,34.48,43.7
"Pseudoalteromonas",46.9,46.62,0,0,54.76,44.09,50.23,49.18,0,0,0
"Glaciecola",0,29.75,0,36.03,35.14,0,33.04,32.45,0,35.15,0
"Paraglaciecola",0,0,50.07,50.77,52.71,54.38,49.87,63.47,52.82,59.65,0
"Shewanella",0,0,0,0,0,0,0,0,0,0,0
"Psychrobium",61.45,32.1,0,37.93,47.48,13.22,71.46,29.69,12.39,23.44,28.58
"Thalassotalea",72,66.67,70.69,68.83,70.06,0,60.22,71.19,0,70.25,66.76
"Colwellia",65.68,0,0,0,0,0,0,0,0,0,0
"Psychromonas",0,0,0,0,0,0,0,0,0,0,0
"Thiothrix",0,0,0,70.22,71.88,0,76.82,66.81,68.74,69.77,68.1
"Leucothrix",0,51.42,0,0,0,0,0,0,0,0,0
"Beggiatoa",0,26.46,0,0,0,0,0,0,0,0,0
"Candidatus Isobeggiatoa",0,12.37,0,0,0,10.67,0,0,0,0,0
"Cocleimonas",0,47.92,0,0,0,0,44.37,0,0,78.34,41.71
"Thiomargarita",0,21.54,0,18.94,17.28,0,19.57,53.61,24.12,16.58,17.33
"Thiomicrospira",0,0,0,63.65,48,0,0,0,0,0,0
"endosymbionts",0,0,80.22,71.71,74.59,80.82,73.13,74.65,65.19,63.9,68.43
"Acidibacter",72.08,74.84,0,76.75,78.45,0,61.84,78.72,77.69,63.76,74.75
"Candidatus Competibacter",72.88,81.87,71.82,69.57,69.13,65.85,75.49,72.97,63.81,76.17,74.34
"Steroidobacter",65.15,64.56,0,57.62,67.72,0,55.34,64.19,49.12,62.65,60.08
"Stenotrophomonas",50.91,62.67,0,56.09,56.09,0,40.03,54.99,48.09,49.16,47.25
"Pseudoxanthomonas",63.13,78.11,60.73,57.27,56.53,57.1,61.15,76.25,60.45,68.09,70.38
"Aquimonas",0,0,35.63,36.72,38.57,49.35,43.24,40.22,0,37.25,0
"Arenimonas",82.33,86.67,79.83,82.18,78.82,0,71.63,86.81,65.97,81.42,78.77
"Luteibacter",0,0,0,0,0,0,0,0,0,0,0
"Dokdonella",68.47,73.63,0,55.54,56.15,0,62.45,72.88,57.12,68.06,70.06
"Arenicella",72.13,81.94,73.36,66.31,84.5,57.59,76,74.06,83.24,66.19,82.13
"Oleiphilus",0,0,0,0,0,67.53,0,0,0,0,0
"Halomonas",66.61,66.68,0,0,59.33,0,0,0,0,0,0
"Alcanivorax",0,0,55.38,56.65,55.41,57.77,53.69,56.43,53.78,51.47,0
"Kangiella",84.26,0,0,78.57,80.79,0,77.23,80.01,0,79.12,75.17
"Marinobacterium",75.89,71.01,65.1,63.4,63.39,57.8,69.59,62.3,0,70.01,66.17
"Marinomonas",0,37.54,0,0,0,0,0,0,0,0,0
"Thalassolituus",0,37.68,0,0,0,0,0,0,0,0,0
"Pseudohongiella",72.61,76.14,0,61.5,0,0,68.9,66.4,66.08,68.76,67.06
"Reinekea",66.76,0,0,0,0,0,0,72.09,0,0,0
"Oceanospirillum",0,0,0,35.08,39.51,0,0,0,0,0,0
"Neptunomonas",0,35.17,0,0,0,0,0,0,0,0,0
"Oceanobacter",0,25.61,0,0,0,0,0,0,0,0,13.29
"Oleispira",0,0,37.01,50.9,47.47,0,0,57.2,0,0,0
"Oceaniserpentilla",0,0,46.81,0,0,0,0,0,0,0,0
"Motiliproteus",80.17,0,59.45,65.97,63.07,60.36,60.4,58.58,58.35,55.01,62.59
"Endozoicomonas",0,0,33.74,28.27,37.46,29.04,27.61,35.15,0,0,0
"Vibrio",0,72.98,0,0,0,62.02,0,59.04,57.95,0,0
"Photobacterium",0,63.05,56.72,0,0,65.14,0,0,0,0,0
"Thiohalocapsa",45.02,0,48.25,49.94,52.91,0,0,0,0,0,0
"Rheinheimera",0,56.14,61.79,55.38,58.61,53.82,52.49,54.59,0,0,0
"Thiocapsa",0,27.15,28.91,49.76,43.61,0,0,21.27,0,0,0
"Lamprocystis",57.05,64.53,69.9,70.59,67,66.23,68.61,70.21,59.05,69.06,67.17
"Thiohalobacter",26.81,36.62,0,22.58,20.9,26.01,67.31,45.69,16.67,26.98,33.93
"Thiogranum",69.36,77.68,0,0,0,0,0,0,60.69,72.2,69.3
"Thioalkalispira",0,0,0,0,0,0,0,0,0,0,0
"Granulosicoccus",77.52,85.13,72.05,77.1,82.93,75.67,84.23,82.79,79.65,84.23,83.02
"Aeromonas",57.34,71.05,45.9,0,0,0,0,0,0,0,0
"Legionella",0,66.99,60.29,0,0,0,0,0,0,0,0
"Coxiella",62.26,59.18,0,0,0,0,0,0,0,62.71,0
"Aquicella",0,0,60.58,61.44,59.42,68.64,0,0,0,0,0
"Rickettsiella",0,0,0,0,0,0,0,0,0,0,0
"Halioglobus",74.8,73.87,0,0,0,0,75.85,0,81.93,73.85,73.05
"Haliea",0,72.73,73.34,68.1,68.48,79.59,69.11,69.27,73.69,65.01,64.57
"OM60(NOR5) clade",0,83.45,65.22,0,65.02,64.8,0,0,61.46,0,0
"Parahaliea",79.02,0,74.46,68.56,68.95,83.17,83.4,82.28,72.04,65.58,64.96
"Marimicrobium",59.25,0,0,0,0,57.29,0,61.78,71.45,61.96,0
"Cellvibrio",74.16,70.09,0,0,0,0,0,0,0,0,63.55
"Simiduia",0,0,0,0,0,0,0,0,0,0,0
"Candidatus Endobugula",40.28,60.27,43.86,49.21,52.96,44.46,50.38,54.26,0,44.31,50.36
"SAR92 clade",0,0,0,0,0,0,0,0,0,0,0
"Porticoccus",0,74.08,55.96,67.22,68.19,70.61,73.63,76.96,63.96,59.26,78.65
"C1-B045",0,0,74.71,71.92,73.28,70.14,70.83,69.8,64.19,69.97,70.26
"Microbulbifer",0,57.89,62.21,49.49,59.55,0,41.55,52.46,42.44,48.34,52.01
"Dasania",0,57.98,60.31,51.76,55.16,62.4,0,54.03,48.84,45.48,0
"BD1-7 clade",0,0,62.71,0,0,60.67,0,57.77,0,0,0
"Methylomonas",56.85,59.55,0,0,0,0,0,0,0,45.4,51.97
"Methylobacter",66.09,0,0,0,0,0,0,0,0,0,53.82
"Methylomarinum",41.13,29.4,0,0,0,0,43.89,31.95,65.3,99.14,44.15
"Crenothrix",65.51,67.53,52.91,0,0,0,0,0,0,60.43,58.52
"Sulfurifustis",0,66.24,0,0,0,71.01,57.87,0,62.08,0,0
"Sedimenticola",0,71.22,0,0,0,0,0,0,0,0,0
"Marinicella",71.5,72.64,0,62.57,0,0,0,0,65.5,65.11,64.58
"Thiohalophilus",80.28,80.63,0,0,0,0,73.92,0,67.17,70.75,68.62
"Thioprofundum",58.86,47.48,0,0,0,0,94.8,0,0,0,33.8
"Desulfovibrio",62.54,68.39,66.71,66.86,68.08,68.37,72.13,70.79,71.1,73.52,72.48
"Desulfomicrobium",62.36,76.56,0,51.36,57.79,56.69,57.2,66.1,61.22,64.53,60.49
"Deferrisoma",0,65.39,0,0,0,0,0,0,0,0,0
"Peredibacter",0,0,0,0,68.96,0,0,0,0,0,0
"Halobacteriovorax",0,0,57.11,53.65,56.74,59.18,53.86,55.31,50.94,52.5,68.79
"Bacteriovorax",0,56.04,46.8,0,0,50.21,0,0,0,48.01,0
"Bdellovibrio",0,0,69.35,0,0,0,0,0,0,72.3,0
"OM27 clade",0,67.69,63.29,65.36,63.45,62.37,62.4,62.91,62.38,66.13,66.06
"Anaeromyxobacter",83.87,75.3,0,0,81.75,0,0,82.13,0,76.1,73.24
"Sandaracinus",0,71,72.71,65.42,67.44,62.63,67.06,68.14,65.72,67.08,67.86
"Sorangium",66.04,64.45,0,0,0,0,55.22,0,0,0,57.82
"Polyangium",51.58,29.12,0,0,0,30.28,0,0,0,0,0
"Aetherobacter",36.58,27.52,0,0,0,0,0,0,0,0,0
"Enhygromyxa",0,0,0,0,0,0,0,0,0,0,0
"Nannocystis",0,0,0,0,0,0,53.51,53.31,53.03,56.77,52.86
"Pseudenhygromyxa",0,0,0,0,17.5,0,0,0,0,19.3,19.05
"Haliangium",0,58.64,58.84,57.82,0,58.96,56.31,66.34,59.56,60.86,57.77
"Phaselicystis",87.11,82.01,71.76,68.12,69.33,73.32,81.2,84.08,72.57,74.95,81.8
"Geobacter",81.31,80.75,0,0,0,0,0,88.18,0,79.63,84.15
"Geopsychrobacter",0,59.68,0,56.97,0,0,61.33,52.58,0,0,57.53
"Geothermobacter",72.76,78.39,75.36,70.49,67.22,74.42,84.18,76.66,68.53,67.2,67.58
"Desulfuromusa",0,71.2,70.24,78.82,78.99,0,68.03,64.78,0,0,80.94
"Pelobacter",0,0,47.2,67.96,57.95,0,0,0,0,60.96,59.82
"Desulfuromonas",0,73.76,0,76.65,84.34,0,77.19,0,0,0,0
"Desulfobacter",57.49,69.89,71.61,74.85,83.86,67.94,69.98,72,69.51,72.75,71.65
"Desulfosarcina",85.5,82.88,62.57,69.45,71.42,67.29,87.34,85.49,0,75.23,74.02
"Desulfococcus",81.28,85.42,72.98,75.32,79.48,86.08,80.35,79.11,76.09,75.87,77.03
"Desulfatitalea",71.38,82.55,64.39,58.93,62.6,68.34,72.37,75.76,58.21,56.23,70.71
"Sva0081 sediment group",69.58,75.65,0,71.41,0,0,0,0,0,61.93,0
"Desulforegula",0,28.72,0,0,0,0,0,0,0,0,0
"Desulfatirhabdium",73.24,82.05,65.45,69.44,73.09,65.72,72.04,78.42,72.79,77.93,79.91
"Desulfatiferula",49.04,60.92,42.01,56,58.86,54.08,56.68,62.24,53.9,61.03,58.19
"SEEP-SRB1",0,0,0,0,65.19,74.22,67.95,75.08,70.47,79.19,73.86
"Desulfobacterium",57.26,71.97,64.34,68.75,73.33,67.67,71.12,72.62,65.02,67.15,67.73
"Desulfofaba",0,0,59.11,65.61,71.2,64.09,55.9,57.61,44.13,51.8,52.08
"Desulfoconvexum",90.34,87.46,85.45,83.07,82.6,71.97,77.17,87.32,82.97,87.98,83.33
"Desulfobulbus",0,72.37,70.82,66.94,67.95,74.31,65.51,66.77,64.76,78.9,77.35
"MSBL7",0,0,91,73.37,68.78,0,63.34,66.74,0,0,0
"Desulfurivibrio",0,0,0,0,0,72.88,0,0,80.77,70.21,0
"[Desulfobacterium] catecholicum group",78.94,78.13,0,0,0,0,60.69,79.76,0,70.85,69.82
"Desulforhopalus",90.01,82.05,76.6,77.41,71.17,79.22,76.86,73.03,69.57,70.48,74.93
"Desulfopila",0,0,69.83,70.93,71.49,73.29,77.41,70.54,71.4,72.37,68.26
"SEEP-SRB4",76.54,82.3,79.89,80.42,79.78,82.92,74.69,74.41,75.41,74.63,73.99
"Desulfocapsa",0,77.22,0,0,0,0,73.66,79.13,0,0,68.94
"Desulfofustis",0,21.03,0,17.48,17.69,0,0,18.39,0,0,0
"Desulfatiglans",73.08,78.38,74.39,72.54,70.46,78.98,72.92,77.55,71.91,69.33,72.5
"Smithella",0,97.66,86.2,98.78,83.25,53.52,64.77,0,56.15,67.14,62.9
"Desulfobacca",56.4,57.15,0,0,0,0,0,0,0,59.16,63.92
"Syntrophus",63.2,65.59,0,0,0,0,0,66.12,59.83,58.21,59.99
"Syntrophobacter",0,44.88,0,0,0,0,0,0,0,0,0
"Pseudobacteriovorax",0,44.49,0,0,0,0,38.15,37.71,0,33.96,34.48
"Mariprofundus",64.66,76.39,61.11,63.34,63.65,67.65,67.84,65.03,57.05,61.14,64.49
"Ca. Tenderia",0,72.83,0,0,0,0,59.83,70.58,67.65,62.8,57.87
"Faecalibacterium",0,71.24,48.88,57.74,53.73,52.44,53.27,54.85,54.62,55.33,53.08
"Ruminococcaceae UCG-005",0,56.38,0,0,0,52.17,0,0,0,0,0
"Ruminococcus 2",0,60.85,0,53.25,51.4,0,53.31,44.07,0,44.08,0
"Ercella",0,43.36,69.85,57.75,33.63,35.91,78.17,36.25,41.74,47.31,42.98
"Christensenellaceae R-7 group",68.86,83.88,67.14,67.84,68.09,70.4,70.86,78.65,71.64,75.7,71.21
"Clostridium sensu stricto",0,0,0,0,0,62.27,0,0,60.58,60.51,0
"Sedimentibacter",0,42.28,0,0,0,0,32.81,0,33.4,37.08,34.11
"[Eubacterium] brachy group",63.77,71.4,58.88,49.85,54.76,47.6,51.04,67.06,67.96,61.27,65.23
"Anaerovorax",58.02,76.92,56.07,56.2,54.24,49.77,56.69,57.96,59.41,65.84,56.45
"Syntrophomonas",0,36.34,0,0,36.68,0,74.17,50.3,0,42.27,38.48
"Defluviitaleaceae UCG-011",50.01,63.52,54.96,53.96,53.48,58.19,58.57,56.66,63.79,57.89,56.62
"Fusibacter",92.39,89.39,83.42,73.37,75.73,69.62,77.12,83.05,81.68,78.68,81.44
"Acidaminobacter",43.47,54,0,0,0,0,38.6,41.25,38.03,0,37.52
"Dethiosulfatibacter",0,75.19,72.81,73.99,70.43,40.84,88.49,68.01,39.22,48.58,47.52
"Bacillus",0,60.57,67.66,65.9,0,66.47,63.41,56.07,67.32,68.28,61.11
"Trichococcus",0,78.79,0,74.5,72.59,0,69.62,66.62,0,0,0
"Atopostipes",0,0,26.7,0,0,40.75,0,0,0,0,0
"Facklamia",0,0,0,0,0,0,0,0,0,0,0
"Erysipelothrix",73.58,79.55,0,0,0,0,63.11,72.39,0,70.32,70.61
"Turicibacter",0,0,0,58.95,0,74.81,0,0,61.12,65.36,63.91
"Acholeplasma",55.45,71.29,0,57.72,60.85,52.74,55.18,65.78,56.15,66.7,60.71
"Calothrix",50.84,45.97,0,31.03,0,0,0,0,0,0,0
"Rivularia",0,0,32.01,35.86,29.26,39.34,21.89,23.8,0,23.58,23.56
"Cyanobacterium",30.59,43.17,52.48,59.4,56.51,26.89,40.43,38.51,41.39,43.03,42.79
"Planktothricoides",0,0,0,38.7,39.55,29.97,0,0,30.89,0,0
"Phormidium",42.42,49.16,0,0,0,27.36,0,0,0,0,0
"Oscillatoria",0,0,0,11.46,11.36,0,11.38,0,0,0,0
"Microbacterium",67.27,73.11,66.09,67.88,67.55,62.76,71.48,75.89,60.69,70.43,64.38
"Leucobacter",61.36,69.43,53.85,68.81,59.14,63.95,66.41,63.73,62.74,61.37,60.72
"Candidatus Aquiluna",0,0,0,27.72,19.69,0,0,0,0,0,0
"Tetrasphaera",0,46.85,0,40.05,51.92,0,57.48,39.48,0,37.89,34.98
"Demequina",48.67,48.65,52.39,47.68,47.06,43.82,36.16,42.08,45.3,39.37,47.38
"Gordonia",0,42.14,0,48.99,43.63,0,43.65,45.97,0,43.08,44.28
"Mycobacterium",61.2,73.7,81.11,81.15,79.82,73.37,77.89,81.07,71.06,73.66,73.34
"Fodinicola",77.57,82.03,61.01,64.58,84.55,0,66.11,83.42,0,85.47,67.79
"Bifidobacterium",72.88,70.18,0,63.41,63.67,0,70.17,64.86,0,66.75,59.05
"Nocardioides",0,58.19,0,0,0,64.51,0,0,62.15,0,0
"Aeromicrobium",70.77,57.14,52.87,64.02,58.02,52.44,68.23,63.85,56.68,68.41,58.29
"Streptomyces",0,0,62.11,0,0,60.39,54.88,50.27,54.62,58.23,54.32
"Solirubrobacter",0,0,0,0,0,48.89,0,0,0,0,0
"Gaiella",0,77.37,0,0,0,65.05,0,75.21,0,0,0
"Ilumatobacter",70.31,75.41,74.75,71.27,75.97,74.28,76.42,75.62,75.78,76.85,78.07
"Candidatus Microthrix",0,0,0,0,0,0,0,0,68.83,0,0
"Iamia",62.51,74.74,0,56.81,70.69,0,0,71.81,65.12,61.65,63.37
"Euzebya",55.82,46.28,68.71,47.19,53.84,46.42,43.83,42.67,61.02,72.59,50.5
"Anaerolinea",57.46,74.28,0,0,58.71,0,60.56,72.89,62.35,63.66,65.34
"Leptolinea",60,54.36,0,45.06,61.19,0,0,51.46,41.03,48.19,46.65
"Anaerolineaceae UCG-001",67.85,48.58,33.75,35.19,37.73,33.24,36.18,38.26,45.29,46.29,43.17
"Pelolinea",67.73,71.7,74.17,74.97,72.26,66.68,69.39,75.17,71.4,69.96,70.92
"Thermomarinilinea",57.24,76.91,67.25,66.63,68.62,73.85,71.68,69.17,68.03,69.86,66.85
"Roseiflexus",52.3,52.35,0,35.34,50.87,37.27,0,44.39,0,0,0
"Meiothermus",0,22.23,0,0,0,0,0,0,0,0,0
"Truepera",77.37,73.89,65.92,70.31,72.2,73.5,74.78,78.97,76.24,77.86,78.07
"Armatimonas",0,28.2,0,0,0,0,0,0,21.03,0,0
"Spirochaeta",63.85,72.29,71.81,70.05,73.32,71.97,71.52,73.59,70.01,71.69,72.05
"Pir4 lineage",0,70.99,0,0,0,0,0,0,0,0,0
"Rhodopirellula",72.49,85.78,82.52,80.8,78.19,71.73,77.26,75.82,74.38,77.09,77.17
"Blastopirellula",76.96,84.6,71.5,77.7,80.02,76.61,82.22,81.81,80.39,83.55,83.07
"Gemmata",72.59,74.49,0,0,0,0,0,78.99,0,68.9,72.86
"Schlesneria",52.16,50.04,0,0,0,0,0,0,0,44.44,44.62
"Planctomyces",0,65.34,63.86,62.91,62.45,60.42,59.52,79.24,60.74,63.64,64.14
"Pirellula",0,0,67.13,66.02,65.86,61.59,0,77.69,59.09,73.03,71.94
"Bythopirellula",67.65,84.45,68.39,71.01,78.47,66.93,82.29,79.88,76.66,82.52,78.28
"Candidatus Scalindua",56.7,75.41,47.65,44.71,53.33,48.37,60.09,57.29,49.75,57.78,52.28
"Urania-1B-19 marine sediment group",78.81,87.21,80.88,74.2,71.11,73.2,79.62,79.57,73.02,80.28,83.34
"Pelagicoccus",60.78,75.42,63.1,52.78,61.24,50.86,55.3,64.04,49.54,55.71,56.62
"Lentimonas",65.25,86.69,80.12,70.65,85.22,66.02,78.27,77.32,67.84,86.86,87.4
"Opitutus",76.55,75.62,0,0,0,0,0,74.77,67.57,73.73,70.32
"Alterococcus",0,0,43.55,46.82,0,47.82,0,0,0,0,0
"Haloferula",85.14,90.03,0,0,0,0,76.36,0,65.79,79.12,0
"Prosthecobacter",61.81,64.41,0,0,0,0,0,0,0,0,51.52
"Luteolibacter",76.53,78.01,0,0,0,0,73.87,77.47,61.58,67.58,72.65
"Roseibacillus",72.27,82.97,67.33,78.3,78.27,62.93,71.36,73.11,64.39,70.95,77.72
"Persicirhabdus",0,60.2,0,0,0,0,0,49.45,0,0,0
"Rubritalea",0,69.81,0,71.46,72.47,0,70.78,68.37,0,76.12,71.89
"Chthoniobacter",86.13,79.78,0,0,0,0,0,79.81,73.29,76.54,75.96
"Candidatus Xiphinematobacter",0,75.76,0,0,0,0,60.58,74.22,0,0,0
"Lentisphaera",42.24,65.49,39.9,55.27,58.69,0,54.76,57.04,39.07,53.32,65.1
"Arcobacter",76.72,86.24,0,76.43,0,0,76.84,78.05,75.89,76.7,0
"Sulfurospirillum",0,74.83,0,0,61.2,0,47.31,0,0,0,0
"Sulfurimonas",0,78.08,69.32,67.29,66.97,70.55,66.87,68.69,64.72,68.97,65.93
"Sulfuricurvum",85.96,83.22,72.38,0,0,83.39,0,0,0,0,0
"Sulfurovum",78.39,82.99,82.98,85.01,86,87.23,85.14,84.22,84.47,86.86,84.85
"Thermovirga",0,65.76,99.42,65.86,65.86,41.07,57.62,59.37,45.74,39.6,38.43
"Stenotrophobacter",72.65,58.94,0,0,0,0,0,59.03,0,0,53.43
"Blastocatella",74.65,74.39,79.03,74.84,76.15,87.4,82.4,80.23,79.44,81.48,81.18
"Candidatus Koribacter",46.64,47.18,0,38.88,39.47,0,47.18,41.81,40.56,53.03,77.25
"Acanthopleuribacter",58.62,0,68.1,72.31,68,68.63,60.69,71.87,65.9,69.31,67.73
"Thermotomaculum",58.84,27.13,43.76,52.15,48.11,76.01,40.12,60.16,42.14,67.74,64.04
"Bryobacter",74.55,62.82,0,0,59.44,52,59.52,64.28,63.75,60.84,68.79
"Paludibaculum",55.39,59.65,0,59.53,56.05,0,51.49,59.46,47.99,61.99,60.84
"Propionigenium",0,0,64.99,68.85,71.51,74.93,76.24,74.78,66.21,73.94,70.18
"Leptotrichia",0,68.43,0,43.15,0,0,0,0,0,0,0
"Ca. Entotheonella",63.47,79.69,85.74,70.66,78.78,86.02,78.71,77.95,73.69,66.78,77.33
"Nitrospina",78.21,79.85,0,51.78,0,57.74,69.99,78.19,59.13,67.97,74.17
"Nitrospira (Nitrospiraceae)",64.21,67.38,75.41,67.9,68.7,72.7,69.36,67.39,69.5,69.57,68.31
"Methanobrevibacter",0,36.85,54.54,49.67,56.35,0,78.8,55.54,0,0,0
"Methanolinea",0,0,33.32,0,0,0,0,0,0,0,0
"Methanogenium",0,0,49.79,59.87,0,0,0,39.92,0,0,0
"ANME-3",0,43.3,61.36,49.27,32.08,33.28,39.49,59.64,0,19.43,25.31
"Methanosaeta",0,28.5,30.07,26.72,0,16.72,0,19.47,19.67,0,0
"Ca. Nitrosoarchaeum",0,0,70.27,0,62.68,82.3,0,0,0,0,0
"Cenarchaeum",55.7,86.92,40.99,35.45,48.76,42.91,64.69,87.59,35.78,51.79,45.27
"Ca. Nitrosopumilus",88.39,85.27,77.76,69.15,65.84,79.96,78.96,86.4,77.13,85.74,82.11
"Flexibacter litoralis DSM 6794",0,32.75,0,0,31.05,26.9,0,0,0,0,0
"Flavobacterium cheniae",47.93,63.68,0,0,0,0,0,0,0,39.6,43.38
"Tenacibaculum dicentrarchi",0,0,0,0,0,0,0,0,0,0,0
"Maribacter chungangensis",38.47,37.19,0,29.58,34.89,35.85,36.88,50.01,38.79,92.02,36.3
"Muriicola jejuensis",0,35.84,0,30.08,33.4,30.07,37.65,36.49,27.68,42.55,38.22
"Tepidiphilus succinatimandens",0,0,0,0,0,0,0,0,0,0,0
"Sulfurirhabdus autotrophica",0,0,0,0,0,0,0,0,0,0,0
"Pseudoruegeria haliotis",0,59.03,51.06,0,0,49.46,0,0,46.14,0,0
"Sphingomicrobium lutaoense",64.45,43.69,62.92,67.72,96.2,54.6,52.95,51.37,66.14,70.65,78.42
"Arenicella chitinivorans",0,44.39,34.26,50.82,51.69,0,41.43,43.89,0,0,0
"Neptunomonas qingdaonensis",48.27,0,0,0,52.01,50.17,54.88,45.36,60.73,51.77,45.86
"Pseudenhygromyxa salsuginis",28.38,28.66,0,0,0,0,0,0,0,0,0
"Desulfatiferula olefinivorans",47.15,52.06,49.42,61.14,63.65,52.61,62.7,57.45,55.14,57.8,58.97
"Desulfatiferula berrensis",26.66,32.56,0,0,0,23.86,25.16,23.67,24.18,28.16,25.43
"Desulforhopalus singaporensis",76.08,79.2,0,0,73.33,0,0,0,0,0,0
