Dataset,Reads,Reads_wo_S,Richness,Richness_wo_S,Rarefied.richness,H,J,Rarefied J,Simpson,Chao1,ACE
D1.Aug16,13261,13260,451,450,405.995511559,4.1060161912,0.6718543949,0.6836134406,0.9557967652,726.1468560474,727.8181818182
D1.Jul15,20205,20203,405,403,306.4310726296,3.1503643488,0.5247207873,0.5502826701,0.8114507809,684.6368144044,755.7
D1.Jul16,16451,16451,432,432,362.1016350232,4.101490679,0.6758739346,0.6961206611,0.9591372268,663.8678854122,705.0652173913
D1.Jun15,20988,20988,318,318,234.253005923,2.8338339542,0.4918099069,0.5193594758,0.8542014479,501.847864561,469.4423076923
D1.Jun16,17161,17159,400,398,324.5223679315,3.7927575654,0.6330267893,0.6559192434,0.9479190455,640.9987029985,617
D1.Nov15,10486,10486,403,403,397.0654502773,3.3623684414,0.560494082,0.5618836261,0.9105652764,634.6002661647,623.8870967742
D2.Apr16,13067,13067,343,343,306.3870547537,3.2543213819,0.5574634546,0.5684553908,0.9006763589,581.0632451246,571.0612244898
D2.Apr17,34873,34873,458,458,288.7024626305,3.9296098477,0.641373225,0.6936160191,0.9577759775,673.4964281709,596.4285714286
D2.Apr18,53987,53987,660,660,335.1528176901,3.844934613,0.5922354551,0.6612567458,0.9498653884,1005.8623517087,929.752293578
D2.Apr19,67240,67239,796,795,361.4939989407,3.8113723455,0.5705989595,0.6470651153,0.9476279518,1231.6740755664,1163.9365079365
D2.Aug15,45633,45630,889,886,484.3725606893,4.4253317746,0.6517331963,0.7157425218,0.9749656623,1356.6809692244,1353.0655737705
D2.Aug16,64796,64796,636,636,369.2212753625,4.4533122621,0.689879981,0.7533435701,0.9741612144,848.9327694558,819.6790123457
D2.Aug17,65128,65128,573,573,336.418703676,4.1618789262,0.6553225978,0.7153014614,0.9532343533,723.1175523043,690.2289156627
D2.Aug18,73414,73414,466,466,264.1592364177,4.122521673,0.6709630728,0.7392599597,0.9716255746,602.5146640813,613.62
D2.Dec15,64636,64636,1202,1202,615.5908921085,4.8190302128,0.6795269956,0.7503259215,0.9795120154,1663.3504724195,1604.0497237569
D2.Dec16,38778,38778,1000,1000,610.3041108152,4.8574050696,0.703181406,0.7573179529,0.9812502667,1457.0470619548,1448.7593984962
D2.Feb16,51195,51195,1501,1501,738.332710001,4.7865691716,0.6544494442,0.7247551817,0.9731563651,2365.5439707746,2178.0689655172
D2.Feb17,49498,49498,707,707,378.0945688168,4.0669501429,0.6198645228,0.6852318841,0.9626412746,984.7108099107,923.4960629921
D2.Feb18,73776,73776,2838,2838,971.8088152875,4.7391150915,0.5960510129,0.6889090698,0.9742458625,4582.295979367,4154.2878787879
D2.Feb19,57498,57498,2749,2749,1026.9219400031,4.8919987963,0.617755201,0.7054762327,0.9716152691,5351.5745520972,4708.2603550296
D2.Jan16,54137,54136,1345,1344,712.1814749485,4.5827291115,0.6361235624,0.6977005093,0.9629296214,1775.0291046383,1686.4090909091
D2.Jan17,55293,55293,2374,2374,953.9351591194,4.9060234028,0.6312164317,0.7151016641,0.9759284239,4165.7488561513,3725.152838428
D2.Jan18,80988,80988,1364,1364,634.0767929247,4.7189966879,0.6537657353,0.7313813237,0.9733403977,1850.4631782882,1765.7808219178
D2.Jan19,56217,56217,1068,1068,543.9987016304,3.5361758373,0.5070845376,0.561391597,0.8839893351,1454.4773963659,1449.5217391304
D2.Jul15,59022,59022,478,478,273.5722966586,4.0890011576,0.6627648542,0.7286738161,0.9682933088,624.9390255266,596.2638888889
D2.Jul16,58298,58298,687,687,398.047699671,4.3670016116,0.6685208405,0.7294661659,0.9728652967,903.8076858325,893.0224719101
D2.Jul17,62513,62513,474,474,273.7841051729,3.9278458841,0.6375123704,0.6998588794,0.9557976139,583.506159882,556.1818181818
D2.Jun15,11617,11617,295,295,276.4968458884,2.9695555564,0.5221678257,0.5281839611,0.8646265414,538.0815512508,497.5217391304
D2.Jun16,50794,50794,482,482,289.3139311432,3.827130259,0.6194828228,0.6752751493,0.9524300139,617.4691243271,611
D2.Jun17,47686,47686,337,337,223.5159596707,3.7578984572,0.6456778197,0.694687197,0.9568485034,428.682951017,431.5277777778
D2.Jun18,82571,82571,998,998,381.3831008842,4.2264695659,0.6120215126,0.7110714439,0.9733400097,1490.3552966106,1379.0309278351
D2.Jun19,61447,61447,763,763,414.0828979006,4.3031553798,0.6483332966,0.7140902944,0.970471987,1049.7048457095,978.65
D2.Mar16,54141,54141,1102,1102,554.6700553489,4.5282151451,0.6464370352,0.7166741863,0.9725543304,1693.4982775615,1613.3392857143
D2.Mar17,63562,63562,738,738,369.9471336087,3.9464081661,0.5975835457,0.6673715266,0.9255505619,1019.4945767245,946.2954545455
D2.Mar18,52303,52303,821,821,426.1006069425,4.1924290809,0.6247544361,0.6924283707,0.9605551321,1279.1760088948,1250.3451327434
D2.May15,13918,13917,777,776,641.0844829541,3.8626398299,0.5803732926,0.5976394031,0.9355663964,1906.9657106299,1814.3076923077
D2.May16,70029,70029,700,700,344.959116637,4.2586328504,0.6500657346,0.728790425,0.9749639071,1039.6622648831,1028.4615384615
D2.May17,66435,66435,401,401,219.0525451985,3.614939834,0.6030969465,0.670760958,0.9508154035,519.4474503016,492.7142857143
D2.May18,83869,83869,453,453,235.2975528226,3.7118717133,0.6069223651,0.6797240548,0.9495111373,538.7355481445,515.6582278481
D2.May19,52178,52178,1013,1013,471.9686645002,4.4031435027,0.636230675,0.7151544601,0.9722362574,1774.9064327485,1573.1206896552
D2.Nov15,61077,61077,936,936,497.8859582318,4.212548749,0.6157242779,0.6783087056,0.9557062106,1240.1964343753,1197.724137931
D2.Nov16,63202,63202,1112,1112,594.5421980509,4.8039231174,0.6849131751,0.7520475537,0.9787108832,1460.5424166794,1385.2320441989
D2.Nov18,63064,63064,760,760,421.1555167002,4.1544234413,0.626296398,0.6874767423,0.9507544675,996.4874635781,947.9495798319
D2.Oct15,36324,36323,702,701,440.6690680463,4.1346677442,0.6308681351,0.6791176019,0.9562470099,1075.7882662103,1169.6388888889
D2.Oct16,50678,50678,942,942,579.0423590519,4.9269131245,0.7194668998,0.7745043538,0.9836696444,1192.7300117622,1179.2834645669
D2.Sep16,66557,66557,736,736,420.3895589387,4.6921936808,0.7108059553,0.776701287,0.9814005635,925.3719453728,896.125
D2.Sep17,68726,68726,1386,1386,516.8205880712,3.9996562074,0.552883363,0.6401810111,0.9487077463,2413.6116815292,2173.0308880309
EA05_S_Wi2013,44253,44252,9787,9786,3989.9464250133,7.7907002442,0.8478464599,0.9395970765,0.9978060892,18448.5737212093,16708.8275862069
EA05_S_Wi2015,30823,30823,7140,7140,3608.2595374687,7.2972295411,0.8223649982,0.8908859278,0.9947396217,13890.8674512934,12499.7698300283
EA05_S_Wi2016,35583,35583,8421,8421,3887.4727819553,7.6802499652,0.8497276844,0.9291919957,0.9976389391,16455.4574204542,15166.7892720307
EA05_S_Wi2017,22695,22695,5861,5861,3500.7494153455,7.3666502187,0.8490763139,0.9026947471,0.9972768556,14037.198147047,13075.2130044843
EA05_S_Wi2017RNA,16461,16460,3834,3833,2862.8373861466,6.8468464597,0.8297534319,0.8602032202,0.9954500058,8449.6823820775,7925.3898026316
EA05_S_Wi2018,17340,17340,6321,6321,4404.6152228103,7.8789692453,0.9002856396,0.9390448083,0.9987458843,16808.6468130339,14673.8330019881
EA05_S_Wi2019,36314,36314,8879,8879,4133.5939305085,7.9437534585,0.8737614475,0.9539866055,0.9987038648,16848.2406607193,15290.7727803738
EA10_S_Wi2013,55630,55630,10384,10384,3594.0879083245,7.4339257703,0.8038395909,0.9080108014,0.9950377292,20485.7087127734,18617.579029734
EA10_S_Wi2015,12296,12296,5307,5307,4679.7340278471,7.9563504809,0.9276615048,0.9414689059,0.9990738243,12588.4492988452,11167.765625
EA10_S_Wi2016,39121,39121,7496,7496,3250.6705317508,7.0680310513,0.7921914556,0.8740405816,0.9918422624,14776.056862014,13398.5621052632
EA10_S_Wi2017,19821,19821,5323,5323,3368.6360735937,6.937420501,0.8085767384,0.8541240683,0.9892984367,14845.5612987868,13134.6531130877
EA10_S_Wi2017RNA,21869,21869,5147,5147,3178.731421053,7.0420774692,0.8240039744,0.8732477799,0.9950283758,11284.7617711558,10102.097826087
EA10_S_Wi2018,26475,26475,6588,6588,3506.9321688338,7.1856403658,0.8171996139,0.8803238086,0.9945540998,16236.8865161378,15002.4472111554
EA10_S_Wi2019,33630,33630,8021,8021,3718.3540459644,7.4696376206,0.830899725,0.9086004814,0.9955639412,17771.7694898887,16031.4007220217
EB05_S_Wi2013,15611,15611,4774,4774,3606.7552736135,7.3729751362,0.8703845505,0.9001791926,0.9976957351,11935.4072326733,10943.4775510204
EB05_S_Wi2013RNA,17419,17419,4573,4573,3285.9356783491,7.0363622155,0.8348866947,0.8689648989,0.9948008606,9654.05474938,8705.6587395957
EB05_S_Wi2015,14099,14099,4487,4487,3632.8980157108,7.3103860126,0.8693588437,0.8917512665,0.9974700149,10332.965388199,9279.901126408
EB05_S_Wi2016,32794,32794,7862,7862,3793.059696821,7.6263793509,0.8502288225,0.9254272203,0.9978516717,15756.4359884312,14367.9530612245
EB05_S_Wi2017,33595,33595,7420,7420,3444.7739353668,7.443709794,0.8352518671,0.9139426615,0.9975718867,17803.9148087765,17280.838150289
EB05_S_Wi2017RNA,14357,14357,4396,4396,3530.7748730215,7.3541916001,0.8767044357,0.9002259965,0.9973329138,10338.441744369,9294.121253406
EB05_S_Wi2018,23330,23330,6447,6447,3723.8452746664,7.5195461337,0.8572829529,0.9145071545,0.9978784245,16197.9296957859,14533.0029644269
EB05_S_Wi2018RNA,17597,17597,4714,4714,3334.5813257639,6.9898297201,0.8263878394,0.8616545214,0.9905795658,10380.0597024758,9134.1470588235
EB05_S_Wi2019,39619,39619,8725,8725,3723.5687518284,7.6643453459,0.8446538992,0.932125667,0.9981275198,17917.2754051388,16072.1297096973
EB07_S_Wi2013,24519,24519,6352,6352,3821.9240238789,7.7060691282,0.8800373579,0.9342377996,0.9984174609,11526.4331897225,10620.451433121
EB07_S_Wi2015,24161,24160,5931,5930,3589.2104975414,7.5318411374,0.8669298021,0.9201232151,0.9978455597,11224.2739643536,10357.3911472448
EB07_S_Wi2016,45069,45065,7993,7989,3560.2582248075,7.6480186599,0.8510733466,0.935241336,0.9982173569,12728.5845833877,11822.6386861314
EB07_S_Wi2017,25854,25854,7354,7354,4095.6289518215,7.8571148956,0.8825244518,0.9446286796,0.9985899033,16018.8017373404,14624.5898653998
EB07_S_Wi2017RNA,24130,24130,6899,6899,4094.0209513801,7.745540642,0.8762784467,0.9312585312,0.9970069844,13333.7496415292,12038.861516035
EB07_S_Wi2018,30261,30261,7809,7809,3989.946806695,7.8575417285,0.8766611074,0.94765848,0.9985808681,16094.1848896381,14713.2548596112
EB07_S_Wi2019,42186,42186,9963,9963,4134.3768574322,7.9516353019,0.8636854387,0.9549114385,0.9985474989,19588.1644130823,17615.8443743428
EB10_S_Wi2013,29213,29213,5983,5983,3236.6680793002,7.4408048831,0.8555916871,0.9206296662,0.9980497138,12035.9037700677,11108.0492610837
EB10_S_Wi2015,21452,21452,5699,5699,3668.5140720176,7.6012080421,0.8789509263,0.9261247845,0.9982310589,11137.709367768,10201.615819209
EB10_S_Wi2015_Taq,83562,83562,10338,10338,3564.9962198455,7.7926724082,0.8430360283,0.9527754342,0.9984773076,14409.4682772637,13841.8079178886
EB10_S_Wi2016,34047,34047,9267,9267,4369.4497883875,8.0441925818,0.8806660012,0.959653548,0.9987512722,18436.0068350671,16572.9870713884
EB10_S_Wi2017,19061,19061,5943,5943,3919.9036660547,7.6004243333,0.8746203859,0.9186110125,0.9978314454,15136.3311772903,14221.0496535797
EB10_S_Wi2017RNA,18402,18402,5100,5100,3533.7831413551,7.2959846918,0.8546314004,0.8930077971,0.9967044027,10709.0806306778,9626.5182481752
EB10_S_Wi2018,17267,17267,5790,5790,4022.1316052705,7.4698623966,0.8621836717,0.9000303431,0.9948017619,16121.368566323,15076.6209476309
EB10_S_Wi2019,49679,49679,12075,12075,4631.7623023152,8.3040278362,0.8835113132,0.9838088093,0.9990771579,21944.1337411613,19785.1434995912
EBI05_S_Wi2013,21500,21500,4779,4779,3189.0672240352,7.3659817697,0.869451537,0.9130457527,0.9976915262,8645.1343703408,8102.9544392523
EBI05_S_Wi2015,26985,26984,7678,7677,4205.6949315767,7.8797860579,0.8808054231,0.9443434898,0.9984697721,15455.9496106265,13971.5120274914
EBI05_S_Wi2016,36149,36149,5840,5840,2813.2268149949,7.0414464769,0.811929407,0.886598962,0.9963374737,11385.826335485,11029.5686486486
EBI05_S_Wi2017,24079,24079,7198,7198,4135.2625959729,7.8619596269,0.8852004563,0.9441180043,0.9986965311,16581.8181599946,15574.8073878628
EBI05_S_Wi2018,20783,20783,6316,6316,3989.4758899733,7.6437843569,0.8734913626,0.9218914049,0.9979066086,14361.6091389277,13370.7819404419
EBI05_S_Wi2018RNA,16752,16752,5271,5271,3903.7743894877,7.6833902508,0.8965475294,0.9291015435,0.9986481892,10617.1897998617,9549.6075949367
EBI05_S_Wi2019,41551,41550,8263,8262,3734.5642730918,7.6783905241,0.8513059394,0.9334990628,0.99741282,14130.616369745,12917.5383693046
EBI10_S_Wi2013,41254,41253,5919,5918,2939.5211848325,7.1468520674,0.8228086107,0.8949224006,0.9968040673,8378.3342189614,7916.7065217391
EBI10_S_Wi2016,34212,34212,4645,4645,2329.9936202974,6.6117687547,0.7830558683,0.8527330544,0.9949853278,9293.174585788,8825.3904109589
EBI10_S_Wi2017,17394,17394,4208,4208,3000.8924800338,7.0371239828,0.8433002898,0.8789082556,0.996838076,10198.6265181203,9665
EBI10_S_Wi2017RNA,26034,26034,4770,4770,2695.3042558027,6.3574410681,0.7505743591,0.8048141141,0.9797492467,9562.8597016259,8564.5555555556
EBI10_S_Wi2018,19588,19588,5031,5031,3291.9198598271,7.2647491194,0.8523325477,0.8969682935,0.9973548733,12605.5819940644,11841.555862069
EBI10_S_Wi2019,45093,45093,7709,7709,3098.1236192602,7.0130396681,0.7835672654,0.8724257472,0.991243713,15425.2215379369,13995.5007153076
EBI20_S_Wi2013,33902,33902,5735,5735,2642.8321566413,6.6659402368,0.7702422026,0.8459737571,0.9927181189,13940.343742707,12629.6769055745
EBI20_S_Wi2015,57028,57028,7035,7035,2998.7095748343,7.2380508908,0.8170599882,0.9040853793,0.9962410346,9949.6796961068,9447.213836478
EBI20_S_Wi2017,24115,24115,5481,5481,3265.4667223235,7.3686995572,0.8559255297,0.9107101328,0.9974465105,11876.0859061591,11181.4935521688
EBI20_S_Wi2018,17535,17535,4297,4297,3064.8764590267,7.1459356768,0.8541974092,0.8901528465,0.996748799,10003.8408372863,9524.0488188976
EBI20_S_Wi2018RNA,33607,33605,6723,6721,3486.5017717441,7.5884260474,0.8610208279,0.930335638,0.9980624597,11542.0206709564,10860.2533864542
EBI20_S_Wi2019,35786,35785,6939,6938,3360.8132660456,7.451484006,0.8424598464,0.9176774208,0.9973988164,12924.7782064034,12052.2836538462
ED05_S_Su2017,32501,32501,6812,6812,3477.2994065866,7.5715390273,0.8578246874,0.928566175,0.9980602387,13170.5679663677,12321.0622866894
ED05_S_Su2017RNA,14117,14117,3041,3041,2515.1323337996,5.3170405163,0.6629774534,0.6790530929,0.8697676075,5832.6621034098,5212.6957210777
ED05_S_Su2018,18325,18325,4425,4425,3069.0042391139,7.120490198,0.8481796928,0.8868344792,0.9970576222,10249.3213289648,9659.6502242153
ED05_S_Wi2013,19908,19908,3546,3546,2271.0930201279,5.9195081564,0.724225055,0.7659802687,0.9836783058,9152.1237662345,8716.0521042084
ED05_S_Wi2013RNA,25550,25550,3416,3416,1890.2693424534,5.5588820106,0.6832261438,0.7368149938,0.9808546842,7883.8239825499,6994.75
ED05_S_Wi2015,22978,22978,6150,6150,3654.2590727549,7.3072431372,0.8375824685,0.8907308762,0.9957296644,13262.5430436458,11707.0658682635
ED05_S_Wi2016,11064,11064,3973,3973,3744.2160258729,7.3462359976,0.8864475284,0.892837261,0.9975228592,10540.5882075643,10181.8788426763
ED05_S_Wi2016RNA,19779,19779,5093,5093,3401.867417097,7.2020016864,0.8437582417,0.8856285063,0.995656067,10388.3516876376,9042.55
ED05_S_Wi2017,19106,19106,4093,4093,2696.5571768137,6.443115637,0.7746891551,0.8156120177,0.989040789,10781.0558043332,10089.7382198953
ED05_S_Wi2017RNA,20778,20778,3331,3331,2134.7280168033,5.9104914032,0.7286982021,0.7709911982,0.9826047019,7514.606897629,6600.5162950257
ED05_S_Wi2018,17967,17966,4990,4989,3444.1866948083,7.1734590106,0.842430763,0.880779563,0.9958533063,12067.0173032855,11140.7569974555
ED05_S_Wi2018RNA,17616,17616,3601,3601,2599.8191694397,6.4565844302,0.7884492071,0.8211144003,0.9912880965,7166.9435054799,6156.2898550725
ED05_S_Wi2019,35908,35908,7926,7926,3724.8863163593,7.6692977118,0.8542414694,0.9326878358,0.9981829997,15022.6839910031,13840.2180349933
ED05_WBM_Su2017,61450,61450,2605,2605,853.9840625332,4.2276670127,0.5375163362,0.6263291551,0.949441428,5676.8971455142,5093.6438356164
ED05_WBM_Su2018,10116,10116,857,857,857,3.9145431639,0.5796370991,0.5796370991,0.9390800209,2873.2436599392,2562.7238095238
ED05_WPM_Au2017,23817,23817,2550,2550,1418.4285307644,4.6360479339,0.5910425032,0.6388112416,0.9466960243,7472.3276943722,6706.9193083574
ED05_WPM_Au2018,62994,62994,1941,1941,618.7119322797,2.9416641498,0.3885457987,0.4576585258,0.8080252492,4229.081345302,3772.7117117117
ED05_WPM_Sp2017,19918,19918,1051,1051,684.1648065826,3.9878810343,0.5731775122,0.6108700326,0.9594154792,2814.2657599948,2612.5652173913
ED05_WPM_Sp2018,37996,37996,1999,1999,872.1793355786,3.5323722432,0.4647612176,0.521691747,0.8942813028,4251.2025169563,3768.3589041096
ED05_WPM_Su2017,29555,29555,1670,1670,826.5729624308,4.1866483682,0.5641943063,0.623264664,0.9492689855,4914.9031784343,4543.9268292683
ED05_WPM_Su2018,45583,45583,1599,1599,592.6481621229,3.4355826364,0.4657069765,0.5381045249,0.9035913112,4045.0288746511,3404.8444444444
ED05_WPM_Wi2018,41778,41778,6142,6142,2399.2931056331,6.0692448038,0.6957824619,0.7798149599,0.9852462868,13503.399500653,11635.7217099749
ED05_WPM_Wi2019,40882,40882,3066,3066,1311.2339163023,4.4111181581,0.5494578034,0.6144710708,0.9112051944,6170.5689355151,5370.325542571
ED10_S_Su2017,24012,24012,5378,5378,3238.869279686,7.3978270849,0.8612066611,0.9152351593,0.9979031564,11188.3494126034,10779.8035928144
ED10_S_Su2018,14935,14935,3978,3978,3171.0617479732,7.2187360417,0.8709303288,0.8954224328,0.9967015509,8256.7966531111,7826.594224924
ED10_S_Wi2013,24123,24123,4687,4687,2708.4037683734,6.5726862919,0.7775982217,0.8315524914,0.9918488382,11099.6924620373,10212.1464088398
ED10_S_Wi2015,22311,22311,6144,6144,3628.2969615245,6.9692530383,0.7989302151,0.8502698922,0.9887359177,14487.6355649267,12790.8947368421
ED10_S_Wi2015_Taq,88025,88023,13847,13845,3755.4164931569,7.3402013096,0.7697500919,0.8917800884,0.989886894,22469.5717351748,21042.5664335664
ED10_S_Wi2016,40246,40246,6501,6501,3011.4890374473,7.2672301257,0.8277299658,0.907248166,0.9973096271,11602.0320013298,10777.9614417435
ED10_S_Wi2017,24953,24953,5512,5512,3138.4697485973,7.2507640861,0.8416751079,0.9005492808,0.9975285224,12992.8467072308,12314.7493796526
ED10_S_Wi2017RNA,27176,27176,5266,5266,2940.1623324721,7.114962973,0.830311717,0.8909049472,0.996998306,10878.0965809139,10084.5494880546
ED10_S_Wi2018,22655,22655,4238,4238,2603.1680980928,6.8295366674,0.8177277291,0.8684023325,0.9961144066,9757.6847296632,9082.4328593997
ED10_S_Wi2019,39018,39018,7547,7547,3352.1858576276,7.4236612054,0.8314189548,0.9145404386,0.9975881663,15161.2800162146,14157.9066874028
ED10_WBM_Su2017,48861,48861,1816,1816,700.3499661899,3.9409878483,0.5251575451,0.6015324168,0.9256106575,4120.1591743598,3594.6953642384
ED10_WBM_Su2018,37338,37338,1539,1539,689.2868930343,4.07552192,0.55533234,0.6235825352,0.9463286856,3496.9370114215,2956.2826086957
ED10_WPM_Au2017,59592,59592,5742,5742,1836.7031062459,5.6620836157,0.6541554497,0.753364681,0.9832228206,12042.1883930254,10455.1238779174
ED10_WPM_Au2018A,71921,71921,3521,3521,1041.5132093978,3.9729272716,0.4864907998,0.5717733796,0.9065659132,7734.5486132643,6805.332231405
ED10_WPM_Au2018B,42167,42167,2194,2194,897.4656677969,3.6973948132,0.4805879816,0.5437685276,0.8993650053,5108.9990757006,4630.563583815
ED10_WPM_Sp2017,46659,46659,1163,1163,479.9846449422,3.2002781876,0.4533769423,0.5183682616,0.876419783,2608.2644859466,2308.5081967213
ED10_WPM_Sp2018,40934,40934,1495,1495,603.0586361129,2.841184142,0.3886771827,0.4437953353,0.8286865185,3962.6920016594,3664.4137931035
ED10_WPM_Su2017,69995,69995,2296,2296,705.8352393667,4.1172849476,0.5320229371,0.6276940494,0.9475670607,4817.3113648898,4265.1625615764
ED10_WPM_Su2018,71051,71051,1974,1974,580.289155562,3.8678402649,0.5097434681,0.6078139614,0.9364905201,4820.6782917218,4068.9082568807
ED10_WPM_Wi2018,41819,41818,5039,5038,2126.4288296326,5.7110921631,0.6699257476,0.7453593909,0.9792001345,8713.3229458775,7805.9512195122
ED10_WPM_Wi2019,44980,44980,3620,3620,1497.2841860654,5.1681015653,0.6307001395,0.7068544693,0.9584403928,7207.471776955,6509.015503876
EL05_S_Wi2013,56350,56350,10277,10277,3742.9223668696,7.6808406036,0.8314700426,0.9335432078,0.9976756207,18178.9357546577,16416.9547641963
EL05_S_Wi2015,15779,15779,5744,5744,4335.7117474687,7.7581824758,0.8962872165,0.9263898498,0.9982056042,12588.1216089243,11159.4479638009
EL05_S_Wi2016,44720,44716,8002,7998,3462.8639447506,7.3275715155,0.8153118107,0.899104939,0.9936385072,13461.1452827879,12330.3929440389
EL05_S_Wi2017A,23907,23907,6446,6446,3715.3735778675,7.6423662681,0.8713007507,0.9297017327,0.9984032236,15821.4348101573,14759.6445846477
EL05_S_Wi2017B,32379,32379,8018,8018,3907.4126501754,7.8446558474,0.8726519228,0.9484954805,0.9987327972,17045.9324992022,15577.7460087083
EL05_S_Wi2017RNA,19895,19895,5295,5295,3570.3094369779,7.5336771363,0.8786122916,0.9209415414,0.9981403474,10460.3328504439,9576.6461538462
EL05_S_Wi2018,23387,23387,6804,6804,3936.4183755621,7.6690821696,0.8689916213,0.9264384604,0.99810891,16582.7509264763,15159.5405405405
EL05_S_Wi2018RNA,10273,10273,3860,3860,3822.9595011975,7.3627347136,0.8915425128,0.8925846717,0.996970745,9093.7612796984,8017.2542857143
EL05_S_Wi2019,39523,39523,9430,9430,4109.3422669294,7.9736922083,0.8712845235,0.9582591886,0.9988286569,18940.1064542985,17706.856
EL10_S_Wi2013,50961,50961,10741,10741,4428.6848342273,8.1433812794,0.8773471401,0.9699284261,0.9986152782,15946.5938275305,14878.7147022074
EL10_S_Wi2015,15840,15840,6500,6500,4800.0538405054,7.9112595062,0.9011000322,0.933329706,0.997847557,16296.2104245657,14248.8931364031
EL10_S_Wi2016,30729,30729,7876,7876,3995.1773445249,7.771223561,0.8662050064,0.9371000184,0.9979291516,15471.8442152067,14145.2368775236
EL10_S_Wi2017,25072,25072,6351,6351,3544.4151432018,7.4253681434,0.8479963972,0.9085099046,0.9973676577,15197.180710244,14197.3908996898
EL10_S_Wi2017RNA,22702,22702,5585,5585,3430.2763258909,7.354323133,0.8523945019,0.9034355385,0.9971822272,11796.8954614842,10935.0275715801
EL10_S_Wi2018,25274,25274,6949,6949,3841.5977127399,7.6257607175,0.8620231049,0.9239265783,0.9974066991,16978.033549276,15832.2221153846
EL10_S_Wi2019,36681,36680,9527,9526,4408.5116932675,8.1057813188,0.8847285449,0.9659753118,0.9986575706,17639.6084218049,15883.390625
EM05_S_Wi2013,44640,44640,7738,7738,3286.0649636638,7.3296916343,0.8186033833,0.905185607,0.9968289175,13752.0747867322,12508.6798959011
EM05_S_Wi2015,19290,19290,4531,4531,3071.249696456,6.8864692404,0.8179969498,0.8576097893,0.9925951044,9436.530119513,8628.7481481482
EM05_S_Wi2016,49977,49977,10278,10278,3868.917906617,7.7235168116,0.8360810416,0.9349678157,0.9972320305,20157.264369384,18379.5818759936
EM05_S_Wi2017,21357,21357,5836,5836,3669.5676737325,7.5690096618,0.872830193,0.9221694967,0.9981385506,13195.4540049836,12356.3665943601
EM05_S_Wi2017RNA,25740,25740,6087,6087,3594.6342168749,7.5745383289,0.8692467311,0.9251686322,0.9979688614,10862.2742156086,10122.6417657046
EM05_S_Wi2018,24252,24251,7818,7817,4375.5428538436,7.9361363629,0.8853160892,0.9466053265,0.9986520289,19686.7824457307,18288.8765957447
EM05_S_Wi2019,29688,29687,7092,7091,3579.6865509455,7.4840984447,0.8440659222,0.9145876245,0.9975889237,16166.8473861594,14809.1474414571
EM10_S_Wi2013,49736,49735,7954,7953,3163.329905248,7.2078513901,0.8025282398,0.894343104,0.9944919372,14689.7183713072,13723.6131078224
EM10_S_Wi2015,19950,19949,3970,3969,2716.3730806995,6.8214664994,0.823200254,0.8627065779,0.9945120948,7396.4875369358,6731.4192708333
EM10_S_Wi2015RNA,58556,58556,2827,2827,1983.8954820042,6.9027039474,0.8685955488,0.9091096752,0.9972798297,2977.1019523262,3010.2411067194
EM10_S_Wi2016,71931,71930,7878,7877,2947.8722905823,7.173470887,0.7995549862,0.8979366023,0.9947128463,11749.9762376039,11161.8353658537
EM10_S_Wi2017,27673,27673,4501,4501,2764.3783256781,6.9704797825,0.8286298517,0.8796034179,0.9945089516,6763.5079298648,6556.2497069168
EM10_S_Wi2018,25274,25274,5091,5091,3024.6744363928,7.1354853724,0.8360039208,0.8903154376,0.9947071009,10060.4732361251,9919.3846153846
E_Mundaka_S_Su2019A,53661,53658,7417,7414,3169.816061431,7.3588589162,0.8257682984,0.9128479655,0.9965459625,11048.8482663742,10481.5092150171
E_Mundaka_S_Su2019B,58046,58046,3825,3825,1676.1684535502,5.7941547722,0.7023802161,0.7804347177,0.9748966435,5570.3246644896,5276.0013755158
EN10_S_Wi2013_PS,108079,108079,7460,7460,2373.7958688969,6.2281228092,0.698430617,0.8013286174,0.9857227278,8606.1276285279,8258.1056105611
EN10_S_Wi2015,47240,47240,3904,3904,1591.086142752,5.1028124425,0.6170450323,0.6921721746,0.9590897132,6777.211897543,6347.9853917663
EN10_S_Wi2016,38536,38536,7635,7635,3464.0819185765,7.397521122,0.8274171016,0.9076487048,0.9964311348,14055.4940337539,12807.7887323944
EN10_S_Wi2017,14495,14494,3574,3573,2825.8000520973,6.8534956067,0.8376881116,0.8624495359,0.9966275581,9755.3666508087,9069.8078512397
EN10_S_Wi2017RNA,19762,19762,3833,3833,2557.8660212123,6.6206084424,0.8023615366,0.8437197248,0.9944735941,8167.2488766519,7348.8653001464
EN10_S_Wi2018,45342,45342,5303,5303,2193.6840844525,6.0209637508,0.7020690425,0.7826205001,0.9812760276,9716.698336617,8947.1691394659
EN15_S_Su2017,24384,24383,5083,5082,2981.4576432329,7.0361670268,0.8245195577,0.8795024526,0.9957146249,11291.3326127058,10522.7631578947
EN15_S_Su2018,18813,18813,4416,4416,2960.4944518579,6.8775725622,0.8194425229,0.8604374523,0.9947339575,11184.6811024311,10472.1320754717
EN15_S_Wi2013,12120,12120,1609,1609,1513.6536641639,6.0676627093,0.8218014582,0.8286573772,0.9918059096,2074.9111737908,2102.0107526882
EN15_S_Wi2015,24079,24077,4999,4997,2956.6621434956,6.4449013185,0.7567108707,0.8064376246,0.9720239389,9950.5414376604,9070.375
EN15_S_Wi2016,32642,32642,7368,7368,3521.1277331118,7.4253719559,0.8338522207,0.9092437006,0.9967967081,16425.0108204878,14862.8399034594
EN15_S_Wi2017,24907,24907,5786,5786,3297.5048218818,7.3037335733,0.8430760615,0.9015929498,0.99719505,13372.6129523586,12921.0627218935
EN15_S_Wi2017RNA,31210,31210,5736,5736,3009.7572276756,7.1970058163,0.8315895039,0.8985458211,0.9973458687,10720.4071493692,10364.3567010309
EN15_S_Wi2018,23704,23704,4614,4614,2689.0064343612,6.6697100689,0.7905450165,0.8445956291,0.9926783569,11057.2401537764,10617.6666666667
EN15_S_Wi2018RNA,28472,28472,5675,5675,3113.570239385,6.8480715359,0.7922500593,0.8513768841,0.9819548959,10522.4524908173,9486.0814880425
EN15_S_Wi2019A,49067,49066,10170,10169,3861.3073867707,7.7590963219,0.8408941427,0.9394988209,0.9979748219,19993.092795076,18323.1377440347
EN15_S_Wi2019B,64979,64979,11871,11871,3892.7742394963,7.8252603916,0.834084672,0.9465799547,0.9980391652,21269.6087087166,19254.1605562579
EN15_WBM_Su2017,16551,16551,754,754,587.2009309822,4.5697579009,0.6897339277,0.7167834975,0.9782141387,1580.5426977696,1692.475
EN15_WBM_Su2018,31700,31700,840,840,479.9526953066,3.7831811113,0.5618528601,0.6127911531,0.9048756282,1677.5484330035,1702.900990099
EN15_WPM_Au2017,28693,28693,5522,5522,2993.0535383454,6.5574060163,0.7610293649,0.819261063,0.9858810459,9071.2552168218,8266.0045454546
EN15_WPM_Au2018,48653,48653,2821,2821,966.7904922513,3.7801207386,0.4757953018,0.5499171864,0.8867601743,7961.2695094407,6963.2573529412
EN15_WPM_Sp2018,18102,18102,487,487,363.3573191275,3.9306719624,0.6351816736,0.6667369186,0.962338704,1096.3036769259,1057.4545454546
EN15_WPM_Su2017,24624,24624,820,820,522.5021947722,4.3064848367,0.6418675645,0.6880875524,0.9676527633,1655.9220621008,1486.2983870968
EN15_WPM_Su2018,31917,31917,1065,1065,593.4662861148,4.1581304316,0.5965129025,0.6511342294,0.9381969443,2107.8550373126,2074.7183098592
EN15_WPM_Wi2018,54976,54976,10191,10191,3616.7996241668,7.4166912747,0.8036062554,0.9052092188,0.9963186007,17488.2114597909,15532.6943965517
EN15_WPM_Wi2019,57271,57271,4964,4964,1733.7114536839,5.9341878768,0.6973220666,0.7956787572,0.9906323671,9999.9272283232,8840.7386609071
EN17_S_Su2017,23142,23142,5255,5255,3171.6051957385,7.2136510153,0.842034027,0.8947726595,0.996749157,11647.2967104525,11291.4089171975
EN17_S_Su2018,20979,20979,5766,5766,3597.5453546524,7.3205611615,0.845356366,0.8940589719,0.9963645309,13951.5809474463,12928.0033557047
EN17_S_Wi2013,59636,59636,10191,10191,3305.7981513219,7.0998647923,0.7692777747,0.8761551553,0.9911203611,21832.6007289348,20876.3925
EN17_S_Wi2013RNA,29318,29318,4977,4977,2583.9904457738,6.5727105544,0.7721170977,0.8365324076,0.9918238173,10625.2885799747,9665.8048780488
EN17_S_Wi2015,14612,14612,3737,3737,2941.5477577645,6.7069211218,0.8153282019,0.8397621717,0.9937187271,9505.1314314576,8483.0100840336
EN17_S_Wi2016,53648,53648,7010,7010,3313.1076674984,7.5239173236,0.8496711825,0.9282321396,0.99743944,8995.5079211754,8817.8102297999
EN17_S_Wi2017,14578,14578,4640,4640,3636.0568362449,7.313512255,0.8662764052,0.892038045,0.9971555927,12654.7868955149,11624.2394578313
EN17_S_Wi2017RNA,20603,20603,5682,5682,3702.4938589876,7.437922258,0.8603669026,0.9052133139,0.997153353,11201.2344181147,10241.470749543
EN17_S_Wi2018,15034,15034,4455,4455,3463.3937539132,7.275116539,0.8659015724,0.8926518716,0.9972815642,10768.3722435441,9713.510373444
EN17_S_Wi2019,34746,34746,8003,8003,3605.8033973284,7.4131782403,0.8248254864,0.9051168269,0.9960559902,18432.1926460523,17343.7099358974
EN17_WBM_Su2017,23493,23492,976,975,628.853709223,4.5526977517,0.6613964548,0.7065129352,0.9767056447,2022.1419413919,1936.6390977444
EN17_WBM_Su2018,25409,25409,1095,1095,669.8588053607,4.2393334146,0.605748028,0.6514968181,0.9395493675,2338.1977998119,2413.5
EN17_WPM_Au2017,27826,27826,2713,2713,1359.2758479711,4.6310607971,0.5857793969,0.6418917023,0.928925332,8125.682010727,7314.0588235294
EN17_WPM_Au2018,45578,45578,2851,2851,1086.685566789,4.5153247837,0.5675780657,0.6458871972,0.9566153047,6634.5347213034,5814.6288659794
EN17_WPM_Sp2017,28266,28266,1062,1062,585.9837414373,4.067628904,0.5837660604,0.6382304272,0.9593657737,2617.8183004788,2551.4765625
EN17_WPM_Sp2018,18389,18389,883,883,620.633380213,3.6613568352,0.5397584115,0.5693522875,0.9399607703,2076.9730685511,2089.3333333333
EN17_WPM_Su2017,31482,31481,910,909,513.1415116819,4.4558815879,0.6539836822,0.7140204635,0.9765138466,1952.3169664821,1993.7669902913
EN17_WPM_Su2018,22706,22706,876,876,580.999088123,4.2142998347,0.6220032657,0.6621313285,0.9505122053,1717.6713421252,1742.25
EN17_WPM_Wi2018,54657,54655,8003,8001,2701.298526534,6.4179861111,0.7140956745,0.8122503274,0.9850884156,15912.4701174496,13991.3033292232
EN17_WPM_Wi2019,45429,45427,4025,4023,1611.5734513042,5.778781102,0.6962151843,0.7825060919,0.9890697489,8821.0742634564,7885.7089552239
EN20_S_Su2017,21570,21570,4667,4667,2905.5520229316,6.8964235873,0.8163117611,0.8648226862,0.9950534158,10951.5335433782,9984.3455284553
EN20_S_Su2018,17965,17965,3899,3899,2707.9362387374,6.7141266177,0.8120150695,0.8494655632,0.9940362468,9578.0245288208,8999.6847635727
EN20_S_Wi2013,78580,78579,13384,13383,3719.4164505991,7.6630904062,0.8064869933,0.9320995266,0.9971110704,27349.1640747268,25412.955654102
EN20_S_Wi2013RNA,24569,24569,5593,5593,3206.7154192161,7.150511641,0.8286344886,0.8857313841,0.9966912282,12743.5494731132,11715.2874583796
EN20_S_Wi2015,23324,23324,5315,5315,3171.8333393534,7.1181535765,0.8297871714,0.8829193936,0.9966470112,11261.2100053889,10108.5309278351
EN20_S_Wi2016,59008,59008,8566,8566,3032.4548128901,7.0877350555,0.7826946166,0.884074108,0.9945798032,15782.2854638474,14387.0691785053
EN20_S_Wi2016RNA,21246,21246,4529,4529,2964.7597723728,7.0342473545,0.8355943302,0.8798801961,0.9961359572,8532.8892612181,7704.555431131
EN20_S_Wi2017,23147,23147,5438,5438,3192.6199018469,7.1121466545,0.8268816272,0.8814601259,0.9960168864,13474.0001999375,12564.4135338346
EN20_S_Wi2017RNA,29262,29262,5397,5397,2921.0894178081,6.9657448591,0.8105736893,0.872931872,0.9951475002,10110.2016199226,9162.1035474593
EN20_S_Wi2018,33131,33131,7163,7163,3314.9108741289,7.2211031134,0.8134910489,0.8908138918,0.9957163407,17668.2439142369,16077.9908340972
EN20_S_Wi2018RNA,19674,19674,4471,4471,3054.3425194756,7.0973241672,0.8443800074,0.8844767521,0.9966782278,8541.731252607,7496.6739130435
EN20_S_Wi2019,30210,30210,7390,7390,3609.463159248,7.3553238974,0.8257095301,0.8979418443,0.9960086895,17632.3144205217,16444.4054054054
EN20_WBM_Su2017,53517,53517,1288,1288,562.8224134872,4.5945442073,0.6416203151,0.7254966393,0.9799496467,2540.9235387939,2376.6538461539
EN20_WBM_Su2018,39320,39320,1236,1236,661.1630403633,4.5770793938,0.6428811285,0.7048166099,0.9684961331,2038.1941608737,1876.1
EN20_WPM_Au2017,45857,45857,2456,2456,937.2079975647,3.9479241762,0.5057363403,0.5769368474,0.9179439801,5463.8776644511,4661.9628820961
EN20_WPM_Au2018,52161,52161,1985,1985,741.7527497892,3.9137998856,0.5154230236,0.5921910169,0.9457730101,4202.2177350102,3964.6514657981
EN20_WPM_Sp2017,51607,51607,1027,1027,430.6374093464,4.2710228057,0.6159183958,0.7041772748,0.9743634623,2192.8635647032,1913.2147239264
EN20_WPM_Sp2018,58252,58252,2569,2569,937.7715419243,4.4777512767,0.5703217617,0.6543065851,0.9627903099,5068.9008442334,4618.6833712984
EN20_WPM_Su2017,34613,34613,838,838,483.0588242051,4.4551634048,0.6618855184,0.7208840791,0.9766299063,1491.6204521956,1400.7333333333
EN20_WPM_Su2018,52957,52957,1059,1059,503.9288953941,4.3979774035,0.6314324007,0.706793607,0.9688729033,1822.4866917054,1678.4638554217
EN20_WPM_Wi2018,75318,75318,6282,6282,2199.0550576694,5.7882513284,0.6618590823,0.7521328639,0.9684981532,8174.0675804013,7841.2788259958
EN20_WPM_Wi2019,48135,48135,4235,4235,1712.7618802965,5.8070246346,0.6953572331,0.779899528,0.9855442392,8323.1850527258,7550.0605652759
EN30_S_Su2017,27086,27086,6646,6646,3637.3867920534,7.5601569462,0.8589359368,0.9220804705,0.9977602905,14404.1836151663,13676.2383222116
EN30_S_Su2017RNA,11780,11779,4546,4545,4133.2853101085,7.66131924,0.9096789963,0.9200765746,0.99850698,10418.386180703,9212.1169451074
EN30_S_Su2018,23838,23838,4912,4912,2956.1722634504,7.0055371923,0.824235491,0.8766070467,0.9955907313,10132.2482953453,9672.5478589421
EN30_S_Wi2013,22002,22002,5336,5336,3272.4455451433,7.1505613379,0.8331820535,0.8835169397,0.9960790311,12396.5335118763,11460.1914387634
EN30_S_Wi2016,84061,84059,8242,8240,2797.0664456073,7.0503792209,0.7818986959,0.8883680965,0.9954172384,12369.2681806245,11625.6178861789
EN30_S_Wi2017,55429,55429,7491,7491,2973.1988319498,7.1071194086,0.7966320913,0.8886794467,0.9955060547,12189.0879364449,11431.6170360111
EN30_S_Wi2018,29486,29486,5225,5225,2870.503415718,7.0269371223,0.8207878395,0.8825323954,0.9959914849,9843.3348784362,9758.890797546
EN30_S_Wi2019,48272,48270,8402,8400,3384.4529183074,7.3946255547,0.8183312735,0.9098896611,0.9967447903,15312.451546985,14458.023255814
EN30_WBM_Su2017,37087,37087,673,673,407.4979603335,4.2525717331,0.6530617396,0.7075784212,0.969632762,1181.7145587086,1207.3
EN30_WPM_Au2017,29724,29724,1432,1432,720.5400341555,3.8607401511,0.5312827685,0.5867385376,0.9445614134,3916.5119805317,3509.5129533679
EN30_WPM_Au2018,30300,30300,1226,1226,654.4345955512,3.6774094407,0.5171065422,0.5671713378,0.9254013768,2525.8356046929,2248.6933962264
EN30_WPM_Sp2017,23564,23564,437,437,302.5202339844,4.0432906878,0.6650222228,0.7078406532,0.9666739903,842.4657076833,827
EN30_WPM_Sp2018,35809,35809,2619,2619,1175.6612003028,4.7104780863,0.5984943081,0.6663018304,0.9479595269,6715.643788405,6431.1802325581
EN30_WPM_Su2017,26435,26435,597,597,402.9238124219,4.1321889607,0.6464709863,0.6888419567,0.9655406052,973.7280206629,913.0344827586
EN30_WPM_Su2018,14911,14911,515,515,437.8323733158,4.2164401081,0.6752606353,0.6932840707,0.9568921893,914.6393589487,1085.488372093
EN30_WPM_Wi2018,27513,27513,2134,2134,1062.6571307359,4.1714869425,0.5441718129,0.5986181121,0.9378331541,6956.5227339645,6565.0244897959
EN30_WPM_Wi2019,43114,43113,1689,1688,749.1320744037,4.0889548023,0.5501902945,0.6177681109,0.9395288916,3659.0015876385,3318.84765625
EN_Asua_S_Wi2019,47798,47798,9439,9439,3660.1039664904,7.7014445126,0.8414483354,0.93859998,0.9982883234,18859.1599203501,17062.3465346535
EN_Asua_WBM_Wi2019,53647,53647,2115,2115,717.9207885334,3.8003722317,0.4963388391,0.5778839161,0.9363228213,5165.6278563972,4701.031152648
EN_Axpe_S_Wi2019,52817,52811,7277,7271,2948.4132662131,6.7345977051,0.7573367917,0.8429814492,0.980433763,11969.5343707291,10972.9571719918
EN_Axpe_WBM_Wi2019,65445,65445,1830,1830,592.9102715067,3.901276507,0.5193343326,0.6110023787,0.9490234712,4009.1451451082,3575.5643564356
EN_LasArenas_S_Wi2019,36830,36829,5293,5292,2574.4360667516,6.7703171804,0.789620511,0.8620889595,0.9944418798,9493.9122145989,8850.0714285714
EN_LasArenas_WBM_Wi2019,44224,44224,1469,1469,611.2860959493,4.2223101352,0.5790064328,0.6581353435,0.9628214673,3172.1561252051,2679.5037037037
EN_Sestao_S_Wi2019,53175,53174,2872,2871,1139.0151929817,5.0673372099,0.6363791837,0.7200050174,0.9791965058,5345.8579625651,4826.9132947977
EN_Sestao_WBM_Wi2019,63348,63348,2164,2164,696.6816118715,3.9521120524,0.5146171117,0.6037142877,0.9440570814,5014.7863824033,4389.5835694051
EO05_S_Wi2013,23880,23880,4405,4405,2532.0354970915,6.1789911215,0.7364274366,0.7884605751,0.9775797083,10650.3650044798,9895.6929955291
EO05_S_Wi2013RNA,17280,17280,4030,4030,2948.4598712038,7.0158273076,0.84512546,0.8781817161,0.9965553198,8339.3467252245,7417.2841677943
EO05_S_Wi2015,15337,15336,4538,4537,3502.6755519133,7.3065028064,0.8677307727,0.8952640589,0.99763275,10196.6182274277,8861.5512367491
EO05_S_Wi2016,46937,46937,7338,7338,2977.225190117,7.2049558399,0.8094708736,0.9007605614,0.9970708185,14204.127443392,13259.0741910024
EO05_S_Wi2017,27043,27042,7106,7105,3727.027448766,7.5936722312,0.8562333492,0.9234262451,0.9981631462,17882.8128815769,17019.9920948617
EO05_S_Wi2017RNA,24776,24776,5779,5779,3372.0213361961,7.3833830413,0.8523891744,0.9089178595,0.9978318814,11912.3036077973,10850.4488802337
EO05_S_Wi2018,16828,16828,4143,4143,2970.0337719453,6.7590107882,0.8114861831,0.8452642611,0.9939222248,10745.0914003868,10243.0692041522
EO05_S_Wi2019,28790,28790,6584,6584,3444.9078440453,7.4761622217,0.8502984556,0.9179228069,0.9980979487,14286.4957959259,12828.4288209607
EO10_S_Wi2013,22460,22460,7271,7271,4180.1533232288,7.6594940092,0.8614255817,0.9186134809,0.9975604478,20441.435900338,18085.2550644567
EO10_S_Wi2015,25099,25098,6761,6760,3781.7235872488,7.3002527869,0.827793851,0.8861750724,0.9920424811,14733.8202865904,13236.661525974
EO10_S_Wi2016,38736,38736,8723,8723,3759.9729825031,7.7111997249,0.849838986,0.9367156518,0.9982384037,19021.057398139,17319.2049012934
EO10_S_Wi2017A,20478,20477,5708,5707,3687.1798819985,7.5727630111,0.8755019906,0.9220888835,0.9981135833,12971.4004221796,12312.4589977221
EO10_S_Wi2017B,41662,41662,8648,8648,3797.4509477504,7.8019679718,0.8606614702,0.9466012145,0.9984461719,16134.5506870996,15315.809587217
EO10_S_Wi2017RNA,40247,40247,7473,7473,3541.8201663603,7.7006921805,0.8633980775,0.9422808363,0.9984748543,12699.1225040683,11899.0410367171
EO10_S_Wi2018,22110,22110,4894,4894,3064.0029947641,7.1428502997,0.8407541987,0.8898001013,0.9963683863,10579.7522838653,10006.6466753585
EO10_S_Wi2019,24594,24592,7708,7706,4411.9408028579,8.0223742983,0.8963532651,0.955947023,0.9988216243,16572.6559064774,15006.2893401015
EOI10_S_Su2017,25672,25672,4948,4948,2862.1069664106,6.8119011913,0.8007652997,0.85584031,0.9910839028,10115.6291057384,9686.8537200504
EOI10_S_Su2017RNA,25176,25176,4546,4546,2747.4242808389,6.8671561282,0.8153827688,0.867238273,0.993367623,8281.8385991871,7621.2579132474
EOI10_S_Su2018,17135,17135,4340,4340,3076.0614396999,6.834010037,0.8159398566,0.8509108653,0.9915852528,11389.9225668505,10829.0050251256
EOI10_S_Wi2013,26709,26709,6265,6265,3273.4956592306,6.7492524535,0.7719842049,0.8338985158,0.9809610104,16263.4750803395,15403.2239819005
EOI10_S_Wi2015,13242,13241,4546,4545,3811.5034045759,7.1440700628,0.8482625878,0.8663911652,0.9902920643,11235.493887104,9835.4298245614
EOI10_S_Wi2016,45778,45777,7994,7993,3180.012264343,7.1051643271,0.7906533796,0.8810268077,0.9923589966,16090.0626103364,14546.1755725191
EOI10_S_Wi2017,40306,40306,7988,7988,3369.5809450582,7.036492146,0.7830770577,0.8662916981,0.9874586245,16570.9820513625,15260.8460431655
EOI10_S_Wi2017RNA,30585,30585,5960,5960,3055.8326265614,7.0057901575,0.805927825,0.8730166128,0.994063906,12208.3764427781,10712.2651245552
EOI10_S_Wi2018,23707,23706,5412,5411,3096.6795556916,6.8125427613,0.792490272,0.8475329837,0.9897154906,13583.8401910121,12523.5621156212
EOI10_S_Wi2018RNA,22461,22460,5687,5686,3519.443921756,7.4544144869,0.8621868859,0.9128534517,0.9976882199,11684.7703686781,10312.9972247919
EOI10_S_Wi2019,58335,58334,10408,10407,3704.4520565105,7.6633583821,0.8284416194,0.9325894292,0.9971729893,18267.4354748098,16983.876119403
EOI10_WBM_Su2017,28570,28570,775,775,434.8358499788,3.5682600882,0.5363495494,0.5873709514,0.9142335003,1851.5975333256,1790
EOI10_WBM_Su2018,30569,30569,1006,1006,532.6627216929,3.5852556682,0.5185698395,0.5710926066,0.91302905,2275.7076874394,2207.2222222222
EOI10_WPM_Au2017,18193,18193,1113,1113,772.7624398725,3.3950958919,0.4839894147,0.5105429099,0.8374010287,2853.8967058557,2711.3333333333
EOI10_WPM_Au2018,51034,51033,4283,4282,1485.622801532,4.6956802111,0.5615224302,0.6429277415,0.950003113,10057.6404322371,8829.2455172414
EOI10_WPM_Sp2017,21239,21239,1103,1103,685.410518953,3.4103524083,0.486790624,0.5222577382,0.8814990664,3038.3843130748,2698.7631578947
EOI10_WPM_Sp2018,33212,33212,1078,1078,495.21494275,2.7010699606,0.3868141272,0.435305961,0.7811857134,2960.7362164602,2654.8791946309
EOI10_WPM_Su2017,33018,33018,942,942,478.2161032577,3.4382134327,0.502075173,0.5572412443,0.8927073246,2246.069016549,2216.8782608696
EOI10_WPM_Su2018,30305,30305,810,810,447.6132217384,3.7524549457,0.560315926,0.6147605303,0.9354706979,1862.3372392917,1700.0917431193
EOI10_WPM_Wi2018,43876,43875,4290,4289,1630.0884289033,5.2679480013,0.6298328002,0.7122323629,0.9677208618,10654.1082075008,9536.8841010401
EOI10_WPM_Wi2019,60523,60523,4991,4991,1573.4867714526,5.0646638246,0.5947658171,0.6880355791,0.9582761015,10839.57453113,9437.0205183585
EOI15_S_Su2017,22968,22965,5214,5211,3221.5301331681,7.232144606,0.84496529,0.895332043,0.996089982,10374.5121505068,9657.8804347826
EOI15_S_Su2017RNA,49716,49716,6862,6862,2946.5964695339,7.0686567507,0.8001871653,0.8848644788,0.9946097001,10967.8255018438,10180.5268185158
EOI15_S_Su2018,43155,43155,6511,6511,2939.0529241947,7.0535226752,0.8032482863,0.8832533977,0.9952666717,11092.8800466707,10532.4300168634
EOI15_S_Wi2013,25192,25191,4375,4374,2433.9650281072,5.934177118,0.7078263962,0.7610576346,0.9611046168,10832.6805221531,10150.240188383
EOI15_S_Wi2015,24793,24793,5622,5622,3323.8037773132,7.2247180797,0.8367324085,0.8909653781,0.9945351455,11022.6665719149,9881.9588014981
EOI15_S_Wi2016,60768,60768,6998,6998,2676.1174205319,6.7402261814,0.7613167435,0.8540448216,0.9892492555,11244.0204089197,10571.1082089552
EOI15_S_Wi2017,21536,21536,5392,5392,3375.8896541416,7.2925780955,0.8486974006,0.8976127931,0.996629831,12541.7626648748,11677.2858880779
EOI15_S_Wi2017RNA,22291,22291,4370,4370,2814.4899775196,6.9018455335,0.8233618223,0.8689724837,0.9944338378,8150.83362345,7586.5924528302
EOI15_S_Wi2018,25025,25025,4568,4568,2612.0871219242,6.3489149744,0.753416695,0.8069384544,0.9769488725,10383.047481174,9558.1567267684
EOI15_S_Wi2019,59233,59233,7400,7400,2650.9933474866,6.4004603825,0.7184073809,0.8119640159,0.9721206006,13435.7786862912,12157.5581395349
EOI15_WBM_Su2017,36743,36743,852,852,429.0761428756,3.6834222626,0.5458873699,0.6076615685,0.9257974047,1907.4256565406,1847.9433962264
EOI15_WBM_Su2018,11789,11789,446,446,411.5927564197,3.5456624528,0.5812257491,0.5889771078,0.9315884778,981.9718751892,995.9
EOI15_WPM_Au2017,32592,32592,1039,1039,528.7354019933,3.596100628,0.5177214778,0.5734961232,0.9321551775,2229.5547363158,2040.0185185185
EOI15_WPM_Au2017_Taq,100390,100390,1605,1605,477.5717650901,3.5043232991,0.4747840037,0.5680799998,0.9277813831,2759.7915116336,2620.7902621723
EOI15_WPM_Au2018,59775,59775,1576,1576,515.2992247653,3.2287294118,0.4385284491,0.5170311981,0.9069698429,3579.2378278727,3156.4583333333
EOI15_WPM_Sp2017,27860,27860,878,878,490.600151851,3.7126583955,0.5477798738,0.5992382906,0.9416232867,2050.1006436089,1815.0992366412
EOI15_WPM_Sp2018,28763,28763,1020,1020,531.1558887561,3.5070881563,0.5062517273,0.558893563,0.9299752557,2594.7001949333,2404.964028777
EOI15_WPM_Su2017,26187,26187,678,678,417.2256894337,3.9462823376,0.6053371957,0.6540480781,0.949201395,1520.0311085511,1376.0113636364
EOI15_WPM_Su2018,17705,17705,676,676,497.0946517556,4.0027482744,0.6142771136,0.6446915467,0.9575057855,1500.582044225,1438.8764044944
EOI15_WPM_Wi2018,26578,26578,942,942,546.3553832352,3.4545872255,0.504466204,0.5480627385,0.9232390216,1993.4044666291,1926.2222222222
EOI15_WPM_Wi2019,39119,39119,1688,1688,718.243253085,3.4906249224,0.4697193055,0.5307475543,0.9068161598,3825.9560358156,3344.2876712329
EOI20_S_Su2017,28989,28989,6496,6496,3399.1082571269,7.3723248981,0.8397737446,0.9066635777,0.9973200755,13722.9798987896,12958.9868913858
EOI20_S_Su2017RNA,17249,17249,4915,4915,3578.3334895309,7.3143551334,0.8605076072,0.8938855908,0.9966486079,9572.3206137983,8476.6554379211
EOI20_S_Su2018,20218,20218,5809,5809,3746.9864051716,7.5213237944,0.8677952833,0.9140346884,0.9979048825,13245.5701403841,12374.8317358892
EOI20_S_Su2018RNA,15239,15239,3780,3780,2931.34355869,6.7770643957,0.8227109481,0.8489140553,0.9946327931,8405.6009435154,7658.9409984871
EOI20_S_Wi2013,47370,47369,9730,9729,3702.032697962,7.5966592259,0.8272552244,0.9245460065,0.9973698768,20108.4828194487,18387.8719298246
EOI20_S_Wi2013RNA,27736,27736,7161,7161,3863.7549737198,7.7055083637,0.8680888758,0.9329386194,0.9983306358,14417.0627427759,13116.1570680628
EOI20_S_Wi2015,50064,50063,10307,10306,4048.7523307441,7.8428363058,0.8487386649,0.9442188069,0.9980350694,17115.1788143103,16012.8168011391
EOI20_S_Wi2016,41039,41036,9297,9294,3928.1126866416,7.7811123044,0.8515630531,0.9402117964,0.9981942525,18417.36106136,17173.0601092896
EOI20_S_Wi2017A,25293,25293,6484,6484,3637.8429011702,7.4908284594,0.8534521121,0.9136107955,0.9976360259,14580.8886376963,13542.9686907021
EOI20_S_Wi2018,17567,17567,5549,5549,3853.0841406941,7.5320493116,0.8736484667,0.9122426532,0.9980083668,14252.6949313003,13153.4856115108
EOI20_S_Wi2019,64612,64611,10839,10838,3880.7250879627,7.8063666225,0.8402158633,0.9446487176,0.998043208,16306.4740681871,15148.5250737463
EOI20_WBM_Su2017,19869,19869,542,542,397.5574351323,3.9907701,0.6339319258,0.666757526,0.9533565241,1055.4077681405,1151.1851851852
EOI20_WBM_Su2018,21608,21608,646,646,456.2323784031,4.452584365,0.6881042076,0.7271897282,0.9768818311,1255.0057336837,1312.6428571429
EOI20_WPM_Au2017,28519,28518,1052,1051,565.2730907787,3.1156317767,0.4477480612,0.4916332462,0.8540268128,2513.7202344991,2478
EOI20_WPM_Au2018,64865,64865,2456,2456,714.4695484961,3.569281879,0.4572315663,0.5431423493,0.9242691277,5663.7367318493,4893.2799097066
EOI20_WPM_Sp2017,39958,39958,865,865,381.1287482937,3.4639809893,0.512216404,0.5828539456,0.9160003584,2339.1215090198,2208.3921568628
EOI20_WPM_Sp2018,24686,24686,840,840,481.2830099374,3.2158569564,0.4775976554,0.5206638288,0.8885543314,2130.8735623934,1958.0854700855
EOI20_WPM_Su2017,33501,33501,847,847,456.5483190965,3.9949144636,0.5925677577,0.6523699764,0.9516951227,1828.7325541642,1679.5862068966
EOI20_WPM_Su2018,26895,26895,797,797,487.9759617691,4.3407846364,0.6497349284,0.7012274649,0.9714130289,1681.8823587286,1591.1470588235
EOI20_WPM_Wi2018,32970,32970,1169,1169,527.5749356759,2.9870783389,0.4228650836,0.476537924,0.8816179192,3505.1950911737,3316.8571428571
EOI20_WPM_Wi2019,39598,39598,2551,2551,1053.8139188757,3.9559184781,0.504308654,0.568365114,0.911041026,5925.3030742467,5088.2307692308
EOK05_S_Su2017,19749,19749,4086,4086,2726.6493686518,6.7657321783,0.8136464663,0.8552494754,0.9920893204,9108.6430556425,8587.6418383518
EOK05_S_Su2017RNA,11421,11421,2472,2472,2317.0733599001,6.1208040109,0.7834345525,0.7899788933,0.9670791476,4734.3539013381,4176.7789046653
EOK05_S_Su2018,20995,20995,2658,2658,1700.8101451298,5.0636829,0.642165057,0.6807068447,0.9275870796,6139.3089237081,6096.5
EOK05_S_Wi2013,21145,21145,3298,3298,2070.0150670232,5.7056146474,0.7043037017,0.7472668139,0.9751281306,7886.7940799504,7268.302970297
EOK05_S_Wi2015,18754,18754,2475,2475,1695.7827950569,4.7569497849,0.6087730251,0.6397275315,0.9145965167,5466.1228999463,5025.6682808717
EOK05_S_Wi2016,61137,61137,6619,6619,2501.5305439043,6.8182513679,0.7750038866,0.8713801079,0.9940578339,11255.216097078,10455.2581699346
EOK05_S_Wi2017,59827,59827,7948,7948,2736.652606068,6.822985486,0.7597407798,0.8620877425,0.9911744474,15064.9237996373,13687.6722520107
EOK05_S_Wi2017RNA,31281,31281,4556,4556,2346.0281501429,6.221162169,0.7384869696,0.8016466698,0.9784961713,8904.7076767314,8258.4360248447
EOK05_S_Wi2018,24579,24579,5148,5148,2862.2819625668,6.7263564686,0.787043099,0.8450860668,0.993585833,13145.1084806665,11898.1946564885
EOK05_S_Wi2018RNA,29204,29204,4370,4370,2295.4858655764,6.213989011,0.7413033646,0.8029758443,0.9877818896,9007.8873871771,8138.2395437262
EOK05_S_Wi2019,37296,37296,2992,2992,1418.4556948381,4.9833746473,0.6226340697,0.6866683413,0.9490759921,6102.7520074422,5684.8170478171
EOK05_WBM_Su2017,21837,21837,1096,1096,745.3469862619,4.0390968671,0.5770614484,0.6107028358,0.8962674446,2068.7875112309,2118.3448275862
EOK05_WBM_Su2018,19765,19765,1423,1423,1015.9320980265,5.2064890331,0.7170956309,0.7519957485,0.9848561785,2733.6766383867,2616.4146341463
EOK05_WPM_Au2017,22313,22313,2149,2149,1315.1773563353,5.0946331316,0.6639898196,0.7093883224,0.9728866173,5629.0437345317,5609.6117647059
EOK05_WPM_Au2018,45073,45073,2220,2220,1002.1440745726,4.6653259352,0.6054726819,0.6751657653,0.9506172124,4241.7165948289,4002.0953757225
EOK05_WPM_Sp2017A,39473,39473,1560,1560,776.1344761824,4.4898127717,0.6106560679,0.674720912,0.9586141241,3069.6738508601,2983.3177570094
EOK05_WPM_Sp2017B,40001,40001,1700,1700,852.7686265438,4.7977467701,0.644998574,0.7109365212,0.969158119,3093.9117238826,3046.1270491803
EOK05_WPM_Sp2018A,41175,41175,1745,1745,835.8191428782,4.1856529689,0.5607404989,0.6220862829,0.9269914819,3312.4093538314,3165.8365019011
EOK05_WPM_Sp2018B,40572,40572,1680,1680,812.5828195926,4.184496591,0.5634510121,0.6245314243,0.9305769238,3210.7609089233,3079.464
EOK05_WPM_Su2017,24652,24652,1374,1374,871.9671757823,4.9777151967,0.6889112117,0.7351790994,0.9794701321,2852.5181308348,2859.9880239521
EOK05_WPM_Su2018,30934,30934,1668,1668,921.5254990102,4.6069460059,0.6209340462,0.6749085052,0.959725438,3468.4181188202,3227.1975308642
EOK05_WPM_Wi2018,60004,60003,5177,5176,1642.248500983,5.4848927553,0.641359323,0.7408191388,0.9831092483,11374.9523556162,9713.7151576806
EOK05_WPM_Wi2019,44092,44092,1664,1664,806.5093786158,4.4642811592,0.6019001517,0.6670358454,0.9492796597,2817.5195341676,2681.8937728938
EOK10_S_Su2017,20290,20290,4812,4812,3074.3609645347,7.0049555323,0.8261663548,0.8722555507,0.9963623856,11695.9288849913,11070.0923076923
EOK10_S_Su2018,24291,24291,5022,5022,2882.9042796726,6.9391235747,0.8142997768,0.8710320691,0.9963784471,12012.3114393302,10967.1940874036
EOK10_S_Wi2013,54504,54504,12785,12785,4182.5235296565,7.9016412421,0.8356194944,0.9475901057,0.9975579432,29431.4977035137,26823.084045584
EOK10_S_Wi2013RNA,32764,32764,7366,7366,3510.209090792,7.3130198055,0.8212603697,0.8958267558,0.9946487502,15590.07986334,13697.6362984218
EOK10_S_Wi2015,23730,23730,5755,5755,3300.2357140533,6.9010354427,0.7970865643,0.8517957413,0.989179534,13297.7525643659,11629.1610738255
EOK10_S_Wi2016,64738,64737,9621,9620,3237.6380595598,7.3065148087,0.7966366137,0.9039808227,0.9968671895,16664.1902976152,15175.4321685509
EOK10_S_Wi2017,26094,26094,6003,6003,3186.6852420876,7.109393089,0.8171702459,0.8813220871,0.995705088,16644.943416496,15718.3811944091
EOK10_S_Wi2017RNA,30077,30077,5803,5803,3039.9410708843,7.1149300861,0.8210042818,0.8871933679,0.9951496847,11190.7200115102,9934.1717259324
EOK10_S_Wi2018,16561,16561,5036,5036,3581.7741520543,7.2663529294,0.8524213695,0.887914966,0.9968493771,15219.2551526875,14368.1123417722
EOK10_S_Wi2018RNA,22535,22535,5013,5013,3036.2058696639,6.9443615788,0.8150860206,0.866057169,0.9949081775,11181.5741900259,9804.7769145394
EOK10_S_Wi2019,44870,44870,8977,8977,3531.1767729171,7.4828014349,0.8220671633,0.9159563541,0.9971043098,18495.8248008523,16516.1028262177
EOK10_WBM_Su2017,28341,28341,1073,1073,603.6761740569,4.4798566446,0.6419775619,0.6996454967,0.9754211116,2607.8775681511,2590.5081967213
EOK10_WBM_Su2018,34743,34743,723,723,383.8041763982,3.9378218707,0.5981432625,0.661804068,0.9573372141,1673.8366806595,1729.2133333333
EOK10_WPM_Au2017,34761,34761,2322,2322,1014.3013278117,4.1470559839,0.5350912826,0.5991162612,0.9389865578,6859.9614654048,6149.5493421053
EOK10_WPM_Au2018,47126,47125,2062,2061,832.0203293824,4.4332931807,0.5809254902,0.659337827,0.965979688,4702.0823200489,4155.4184615385
EOK10_WPM_Sp2017,24662,24661,818,817,505.6139472671,4.3306206372,0.6456999443,0.6955956055,0.967791412,2103.2310491176,2189.1923076923
EOK10_WPM_Sp2018,20424,20424,771,771,500.5549358875,3.6323588485,0.5464093147,0.5843828864,0.9352109639,2089.9748510432,2071.9204545455
EOK10_WPM_Su2017,29686,29686,1163,1163,642.5026546651,4.4754838699,0.6340327538,0.6922238346,0.968322574,2835.8913159715,2635.6275862069
EOK10_WPM_Su2018,37354,37353,995,994,502.4715797346,3.9694375639,0.5750522242,0.6382205357,0.9503397653,2009.9607593579,1812.7806451613
EOK10_WPM_Wi2018,29974,29973,1964,1963,955.4628179445,4.0190732587,0.5300292585,0.5856832633,0.9251358606,5396.8971182054,5056.2796934866
EOK10_WPM_Wi2019,36627,36627,928,928,433.1314233101,3.7482038318,0.5485418447,0.6173906103,0.9501664758,2436.6845900335,2286.298245614
EOK20_S_Su2017,26600,26598,5680,5678,3333.9964855466,7.4378323301,0.8603915379,0.9169007958,0.9969006162,10436.9922555059,9907.8150406504
EOK20_S_Su2018,21555,21554,5277,5276,3405.2315178684,7.4056683839,0.864026452,0.9105626798,0.9969328547,10414.8245495008,9896.2737430168
EOK20_S_Wi2015,31710,31709,6186,6185,3518.6880969482,7.4822052127,0.8570638651,0.9162807508,0.9964409665,8814.9446688683,8525.0952012384
EOK20_S_Wi2016,48228,48227,7710,7709,3294.4301394075,7.4154406986,0.828515545,0.9154878075,0.99605825,13118.7475216271,12347.9687943262
EOK20_S_Wi2017,15904,15903,5137,5136,3856.1784043255,7.5397837301,0.8824421342,0.9130906318,0.997087206,12119.2131540954,11004.258254717
EOK20_S_Wi2018,20503,20503,5200,5200,3537.9147338693,7.4918397302,0.8755817348,0.9168487701,0.9974412368,8932.664435228,8330.1310541311
EOK20_S_Wi2019,27763,27763,7128,7128,3956.7701691428,7.7819933409,0.8771619793,0.9394930675,0.9979177842,13452.9366834712,12390.6044609665
EOK20_WBM_Su2017,21794,21794,1009,1009,653.0533741646,3.9073467375,0.5649136513,0.6028312844,0.9278038803,2441.3747664694,2542.6576576577
EOK20_WBM_Su2018,22759,22759,859,859,569.1229863812,4.379055634,0.6481949996,0.6902567758,0.9681313229,1770.3599054641,1729.0272727273
EOK20_WPM_Au2017,25456,25456,717,717,420.9519057088,2.6729716067,0.4065309164,0.4423605103,0.82087399,1593.8946647151,1539.2828282828
EOK20_WPM_Au2018,35498,35498,1538,1538,766.9372910875,4.7097490245,0.6418092365,0.7090427333,0.9755910224,3470.2953596998,3144.2612612613
EOK20_WPM_Sp2017,23520,23520,749,749,485.292104677,4.2966598255,0.6491659267,0.6947183216,0.96580381,1704.6366451644,1724.3456790124
EOK20_WPM_Sp2018,21279,21278,697,696,434.0062488306,3.4398204133,0.5254212866,0.5664065591,0.9237315146,2238.6402557018,1856.0813953488
EOK20_WPM_Su2017,23732,23732,805,805,529.9733629135,4.285209424,0.6404588909,0.6831384951,0.9618268407,1718.1935337196,1723.0111111111
EOK20_WPM_Su2018,32514,32514,603,603,349.4670589431,2.7635517216,0.4316756429,0.4718850028,0.7945172994,1143.5104032793,1108.1012658228
EOK20_WPM_Wi2018,25825,25825,1000,1000,567.7202906518,3.3715995884,0.4880890321,0.5316614497,0.9017891838,2499.0097721705,2588.7826086957
EOK20_WPM_Wi2019,39679,39679,1148,1148,530.092090445,4.1626295652,0.5907978375,0.6635733925,0.9646394752,2526.908719672,2386.4844720497
E_Sukarrieta_S_Su2019A,44151,44151,8305,8305,3645.1863295894,7.6307961318,0.845553833,0.9304529556,0.997761317,13842.1018880399,12879.8818181818
E_Sukarrieta_S_Su2019B,33851,33846,6994,6989,3474.6577422943,7.306365891,0.8253162114,0.8961291216,0.9941450193,12798.4536743403,11971.4864864865
ESVB1_S_Su2018,10715,10715,4393,4393,4223.1770139169,7.5528997686,0.9004660226,0.9047184328,0.9979953964,12661.6943210089,11565.7722929936
ESVB1_WPM_Su2018,18125,18125,2557,2557,2164.4610764205,6.6542540333,0.8480440617,0.8664475987,0.9941423334,2905.6556952896,2895.5909090909
ESVB2_S_Su2018,16952,16952,4927,4927,3600.3974145661,7.518758129,0.8843011933,0.9181758716,0.9979443387,11033.5254606707,10455.6269633508
ESVB2_WPM_Su2018,12955,12955,959,959,814.260038435,4.0483849631,0.5896372254,0.6040310313,0.9342483474,3163.1410559811,3069.0625
ESVB3_S_Su2018,10225,10225,3459,3459,3435.7691786237,7.2901800322,0.8946394996,0.8953799461,0.9974652758,8561.3991909538,8250.1784989858
ESVB4_S_Su2018,16162,16162,3646,3646,2748.0589644308,6.893263498,0.8404998296,0.870509923,0.9966565017,8181.0393030547,7344.8336052202
ESVB5_S_Su2018,28168,28168,3366,3366,1992.230242228,6.354868993,0.7824766791,0.8364960663,0.993361871,5644.5871179865,5168.1618320611
EU05_S_Wi2013,21179,21179,4395,4395,2665.9155831761,6.2204639831,0.7415711437,0.7885681004,0.9866124614,11598.413232504,10560.1368421053
EU05_S_Wi2013RNA,31447,31447,3396,3396,1698.3073403153,5.3802130766,0.661744049,0.7234009501,0.9767957503,7212.6839948714,6667.5026362039
EU05_S_Wi2016,29557,29557,6386,6386,3400.6019297581,7.5161897494,0.8578300561,0.9243064306,0.9981378883,12824.0155001557,11916.147166362
EU05_S_Wi2017,18867,18867,5294,5294,3515.8928097506,7.2848277904,0.8496090441,0.8921964821,0.9968405963,13738.5014283002,12874.4298941799
EU05_S_Wi2017RNA,18994,18994,4329,4329,2913.388277464,6.6766047635,0.7973882152,0.8369743598,0.9926138677,9721.2595700075,8645.1541450777
EU05_S_Wi2018,22064,22064,5785,5785,3518.9377067568,7.3819102306,0.8521170595,0.9039906417,0.9973857037,13815.4950839366,13212.4853113984
EU05_S_Wi2018RNA,13722,13722,3224,3224,2677.9991153356,6.2831916278,0.7777788496,0.7960636999,0.9828036564,7023.8109336757,6270.7222222222
EU05_S_Wi2019,41902,41901,8388,8387,3618.4773067101,7.6732786319,0.8493253514,0.9364727714,0.998256802,15716.9977524312,14252.400621118
EU08_S_Su2017,39883,39883,7106,7106,3120.1331648199,7.239070559,0.816249825,0.8997517527,0.996932878,14026.4728973873,12801.9355590062
EU08_S_Su2018,24514,24514,5051,5051,2931.5305651737,6.9979358716,0.8206468397,0.8765740299,0.9961497244,11300.2821611788,10410.8347718866
EU08_S_Wi2013,53039,53038,9914,9913,3495.7822863092,7.4380645627,0.8083356329,0.9116043293,0.9963653223,21142.8468686475,19706.0644963145
EU08_S_Wi2013RNA,31455,31455,5108,5108,2539.0775849037,6.4951814396,0.7606878668,0.8285139267,0.9913239506,10649.7922877709,9703.578539823
EU08_S_Wi2015,19632,19631,5358,5357,3551.6523440402,7.39224028,0.8609296943,0.9042309685,0.9975420807,11600.7325740415,10197.7216699801
EU08_S_Wi2016,40444,40444,7740,7740,3364.8631253382,7.4165753049,0.828282923,0.9132428406,0.9974666573,14662.5165308248,12971.6804846939
EU08_S_Wi2017,22030,22030,5111,5111,3087.7566174496,6.955713103,0.8145673528,0.8656552448,0.9945701906,12694.1195430309,11874.3944223108
EU08_S_Wi2017RNA,32997,32997,5052,5052,2515.7672505706,6.4474628891,0.7560754074,0.8233957358,0.9896784329,9699.2322786425,8619.8275862069
EU08_S_Wi2018,24795,24795,5947,5947,3352.6406101147,7.2590063695,0.835266972,0.8942412306,0.9964795526,14406.4475008762,13488.2779661017
EU08_S_Wi2018RNA,32326,32326,5095,5095,2549.962814794,6.4304522188,0.7533318838,0.8198098243,0.9887697093,9846.3481302353,9009.5288562434
EU08_S_Wi2019,46384,46384,8976,8976,3537.0324574803,7.544765024,0.8288846823,0.9233539325,0.9976267951,17678.0765741247,16474.8174352495
EU08_WBM_Su2017,26285,26285,1275,1275,698.2502039151,4.4570268734,0.6232992525,0.6806099303,0.9693973896,3665.5041600913,3331.0891719745
EU08_WBM_Su2018,50483,50483,1577,1577,581.1284705836,3.9656265216,0.5385679675,0.6230391294,0.9566292504,3633.2334837895,3130.4626865672
EU08_WPM_Au2017,31374,31374,5268,5268,2382.7264960876,6.022382609,0.7027771312,0.7744832907,0.9871462484,14946.1285607938,12854.2249690977
EU08_WPM_Au2018,27919,27919,1094,1094,574.8024400596,3.0157428362,0.4309684131,0.4746191858,0.8497335745,2877.2839158595,2556.5
EU08_WPM_Sp2017,26683,26683,1549,1549,819.3941177405,4.2077302128,0.5728415544,0.6272176085,0.9507316998,4695.9479140799,4397.729281768
EU08_WPM_Sp2018,54348,54348,1787,1787,627.9042857227,3.3527656777,0.4477342763,0.5204228325,0.8978940363,4026.2194521901,3615.1649484536
EU08_WPM_Su2017,29542,29542,1148,1148,624.2044942615,4.5233271783,0.6419912878,0.7027643313,0.9699272592,2804.9086823324,2529.8387096774
EU08_WPM_Su2018,33321,33321,1047,1047,491.0635455414,3.7553949514,0.5400583112,0.6060437962,0.9466410756,2858.3535428918,2489.777027027
EU08_WPM_Wi2018,45944,45943,5832,5831,2238.3066791274,6.0637501805,0.6993045288,0.7861243149,0.984557452,12718.6407777324,10915.6804407713
EU08_WPM_Wi2019,54387,54386,2100,2099,750.3495334812,3.7096191568,0.4849370216,0.5603197983,0.8887867842,4853.8510641513,4378.2103658537
EU10_S_Su2017,53307,53307,9471,9471,3467.1974782883,7.4306412761,0.8115606785,0.9116118733,0.9966323955,17464.6152174063,15897.2576985413
EU10_S_Su2018A,16395,16395,4360,4360,3155.5764536837,6.8271558558,0.814674302,0.8473647962,0.9920189482,11771.4207951928,11001.6071428571
EU10_S_Wi2013,22958,22958,6669,6669,4011.4260959933,7.7014056519,0.8746403953,0.9282266521,0.9977749852,14112.0155401554,13322.6339522546
EU10_S_Wi2015,23111,23111,6892,6892,4042.4479979841,7.6491691814,0.8654750248,0.9210755372,0.997569282,15884.6296398405,14231.5882352941
EU10_S_Wi2016,42664,42663,9051,9050,3752.4828745244,7.5728005991,0.8312048849,0.9201265392,0.9968150345,17053.7042671258,15492.9684684685
EU10_S_Wi2017,28950,28950,7523,7523,3763.1730348751,7.5901321085,0.8503663431,0.9219137281,0.9978038414,18959.0349024611,17257.4904013962
EU10_S_Wi2018,24769,24769,6566,6566,3640.3273680103,7.4228489785,0.8444978413,0.9052443747,0.9971117306,16517.4248009222,15087.2310756972
EU10_S_Wi2019,48179,48179,11435,11435,4278.1653817124,8.0668965092,0.8632835779,0.9647921067,0.9987434909,23977.731982926,21838.4872563718
EU10_WBM_Su2017,43418,43418,1594,1594,648.234955556,4.4398735662,0.6020982434,0.6857738519,0.9699261712,4365.6762606637,3861.4056603774
EU10_WBM_Su2018,72918,72918,2433,2433,700.8495993864,4.1768769595,0.5357113071,0.637467946,0.9623439676,5572.3366837872,4852.8550724638
EU10_WPM_Au2017,74923,74922,5915,5914,1515.6613488622,4.8365380746,0.5568682386,0.6604038107,0.9586746129,12781.9774582632,10874.0472636816
EU10_WPM_Au2018,41749,41749,2004,2004,792.5230201589,3.3147610435,0.4359863791,0.4965769326,0.8603005987,5079.9294379395,4392.95625
EU10_WPM_Sp2017,49131,49131,1406,1406,555.0840416721,3.7558555677,0.5181559574,0.5943637481,0.9382957373,3235.0174850115,2850.1330275229
EU10_WPM_Sp2018,47715,47715,1465,1465,543.4350186636,3.3439295359,0.4587254046,0.5309585978,0.9033443759,3536.9247214337,3017.4314516129
EU10_WPM_Su2017,44634,44634,1116,1116,515.8513878219,4.4853564331,0.639166727,0.7181374672,0.9734583012,2341.4268108822,2025.7627118644
EU10_WPM_Su2018,41122,41122,952,952,428.7744602559,3.5998659656,0.5248715945,0.5939460353,0.9326678448,2338.2888614876,2138.7177419355
EU10_WPM_Wi2018,44105,44104,5589,5588,2179.0881479047,6.0114305298,0.6966902419,0.7820599756,0.985011426,12331.718959212,11091.5155279503
EU10_WPM_Wi2019A,49420,49420,1758,1758,662.3045887769,3.5006244648,0.4685032503,0.5389120023,0.8825872554,4461.175562553,3797.3097014925
EU10_WPM_Wi2019B,51810,51810,2044,2044,751.0574940528,3.7542348094,0.4925095522,0.5669780108,0.907510109,4762.2714576386,4131.8571428571
EUR05_S_Wi2013,24898,24898,6658,6658,3733.5561466475,7.4783511825,0.8494675943,0.9092091557,0.9972304094,15568.8848974358,14504.3919694073
EUR05_S_Wi2015,36609,36609,8925,8925,4056.0104671884,7.7659316424,0.8537169639,0.9347584965,0.997778689,16821.218304845,15295.2327923895
EUR05_S_Wi2015RNA,23596,23596,5733,5733,3433.3241428038,7.2221424993,0.8345444086,0.8871011396,0.9962032843,11363.6904578635,10200.5866666667
EUR05_S_Wi2016,31453,31453,7315,7315,3622.8154360346,7.5739953712,0.8512323889,0.9242207609,0.9979335215,15708.7246864974,14644.1127694859
EUR05_S_Wi2016RNA,19945,19945,4849,4849,3223.1876026416,7.1181744621,0.8387616996,0.8811665459,0.9959802141,10097.77595729,9381.6428571429
EUR05_S_Wi2017,16904,16903,5465,5464,3863.9666507576,7.4370732258,0.8641610556,0.9004320648,0.9972275231,14763.3282665567,13695.2043147208
EUR05_S_Wi2017RNA,29538,29538,6577,6577,3445.3006718301,7.2429840045,0.8238776971,0.8892807476,0.9949686865,12595.7176332531,10991.0850144092
EUR05_S_Wi2018,22190,22190,5480,5480,3338.0673967682,7.2758246371,0.8451553767,0.8967943478,0.9971941289,12566.1461849256,11686.3390410959
EUR05_S_Wi2018RNA,18072,18072,4004,4004,2847.7071507292,6.6507055854,0.8017680755,0.8361177145,0.9916630573,7886.8830481973,6835.6599045346
EUR05_S_Wi2019,32727,32725,8020,8018,3903.38913863,7.7770719654,0.8651097829,0.9404410768,0.9984148558,16605.0193105976,15273.7596566524
EUR05_S_Wi2019RNA,24239,24239,5266,5266,3166.2414929898,7.1349638218,0.8326458035,0.8851982391,0.9962328216,10121.3107511754,9188.530876494
EUR10_S_Wi2013,12460,12460,2974,2974,2598.2332873955,6.3768105862,0.7973342319,0.811032119,0.9887872589,7948.4072093789,7461.1102941177
EUR10_S_Wi2015,69222,69222,7178,7178,2734.2257020343,7.093262246,0.7989009058,0.8963378296,0.9958648027,10406.6816480117,9999.6600877193
EUR10_S_Wi2016,33590,33589,5944,5943,3000.1834699462,7.1991662143,0.828429486,0.8991732099,0.996106498,11425.721098385,10741.8013902681
EUR10_S_Wi2017,15606,15606,4437,4437,3371.0747913828,7.2269518449,0.8605835883,0.8896914315,0.9961780063,10873.7248110019,10163.741301059
EUR10_S_Wi2018,20964,20964,5916,5916,3687.3646555223,7.4089849826,0.8530374519,0.9021411334,0.9957629412,14791.7040308918,13638.9234234234
EUR10_S_Wi2019,35873,35873,6605,6605,3491.5341993609,7.5066580713,0.8534577798,0.9201482301,0.9968996601,9507.0871615782,9092.2501797268
I01,53349,53349,6604,6604,3117.0531305622,7.2903492168,0.8288791508,0.9062364759,0.9965945332,8134.7809303414,7885.203246295
I02,73783,73783,7823,7823,3656.4168519748,7.715167184,0.8606044812,0.9403879185,0.9979810628,8201.7907173622,8087.5529953917
I03,82262,82262,5835,5835,2814.8005021186,7.1484094387,0.8243444213,0.9000034544,0.9963444608,6050.9111795704,6011.7068965517
I04.1,82007,82007,7719,7719,3707.881446283,7.7971461785,0.8710493608,0.9487638464,0.9982461119,7920.0549540734,7859.4580152672
I04.2,53300,53300,5787,5787,3444.5312729442,7.6413512286,0.8820299542,0.9382172973,0.9981780104,5946.9193281228,5907.4886363636
I05,104600,104600,9203,9203,3884.2138420614,7.8546733922,0.860570648,0.9503909774,0.9980479653,9427.877598762,9370.3752808989
I06,41795,41795,4160,4160,2777.3828846793,7.0849921948,0.8502054889,0.8935245286,0.9956438945,4276.8222035728,4252.0769230769
I07,57814,57814,6622,6622,3651.804327773,7.71292501,0.8766527767,0.9402592899,0.9981015412,6848.702237263,6796.2870118075
I08,103220,103218,9442,9440,3854.6471538515,7.8277230408,0.8552156458,0.9480065515,0.9979466687,9733.271685231,9644.837403599
I09,137825,137825,10114,10114,3739.2538857091,7.7770878892,0.8433486482,0.9453539464,0.9978469101,10372.8523779131,10294.329787234
I10,113094,113094,9711,9711,3752.3959325207,7.785383953,0.8479873239,0.9459589574,0.9977541277,10071.2811397612,9951.5419803127
I11,62578,62578,6066,6066,3291.7077426461,7.5014227114,0.8611976045,0.9261974159,0.9975192526,6252.8927593582,6194.5099009901
LBI10_S_Wi2013_PS,19330,19330,2532,2532,2245.1247835446,6.9615161282,0.8883150536,0.9021578889,0.9961850068,2614.6056075525,2596.2589928058
LD10_S_Wi2013_PS_A,38771,38771,4887,4887,2972.0039359662,7.1898689334,0.8464311646,0.899071698,0.9951701868,5412.7845008301,5264.8303411131
LD10_S_Wi2013_PS_B,36930,36930,3995,3995,2772.317585537,7.1006665667,0.8562448804,0.8957075085,0.99485812,4134.273897428,4093.2230215827
LL10_S_Wi2013_PS,57817,57816,5653,5652,3023.8564668647,7.2602466215,0.8403119963,0.9059128366,0.9954933486,6049.6153429249,5925.5518134715
LN10_S_Wi2017,45319,45315,6400,6396,2932.7767340778,7.1065849036,0.8108787892,0.8901362154,0.9957487306,10043.1280938764,9509.782396088
LN20_S_Wi2013_PS,73939,73939,6143,6143,2958.3834636673,7.1877917889,0.8239980906,0.8993285301,0.9952418678,6488.3619899406,6392.8990342406
LN20_S_Wi2017,41026,41025,7113,7112,3264.7443350855,7.3366297916,0.827158399,0.9067713706,0.9965300691,12356.018129142,11564.5368975904
LN20_WPM_Sp2017_Taq,99168,99168,1017,1017,322.0746907151,4.018286482,0.5802904556,0.695833272,0.9636259735,1959.663592115,1679.8666666667
LO10_S_Wi2013_PS,19795,19795,2746,2746,2294.6644185877,6.7651533043,0.8544125088,0.8742380992,0.9950296832,2952.9693063349,2888.117274168
LOI10_S_Wi2013_PS,75261,75261,6145,6145,2678.048729052,6.8348390559,0.7835068597,0.865953932,0.9929072482,6751.0671388411,6594.9305019305
LOK10_S_Wi2013,94367,94363,8973,8969,2893.5495557735,7.1236590117,0.7826497809,0.8937823308,0.9951467283,13138.1569131153,12707.8378870674
LOK10_S_Wi2013RNA,47234,47231,7041,7038,3168.0632633355,7.3159636512,0.8257756219,0.907589188,0.9964646282,10838.3040638263,10377.4590163934
LOK10_WPM_Su2017,21485,21482,401,398,320.8759789072,4.2687458749,0.7121743986,0.7396821039,0.97091547,540.5977913394,532.4489795918
LRF10_S_Wi2013_PS,26132,26132,3070,3070,2483.745117111,7.0883289089,0.8827932246,0.9067231481,0.9968581427,3175.3454506895,3161.0308370044
LRF20_S_Wi2013_PS,72323,72323,6588,6588,2894.5709327672,7.0099848489,0.7972228807,0.8794810599,0.9931467405,7179.632571782,6958.0031113877
LU10_S_Wi2013_PS,44835,44835,6028,6028,3381.7416462194,7.4238813074,0.8529108266,0.9135795965,0.9960653852,6601.4849325001,6438.2129360465
LUR20.Abr16,12372,12371,490,489,438.3909479723,3.4225342164,0.5525202179,0.5626289192,0.9116566313,1121.614948502,1160.1090909091
LUR20.Apr15,56773,56773,871,871,379.8045449692,3.7934060685,0.5603554932,0.6386574542,0.951484703,1510.3754618784,1366.3666666667
LUR20.Apr17,64632,64632,1367,1367,620.2133909635,4.2725644275,0.5917372873,0.6644669003,0.9652565693,1738.4185070444,1673.404494382
LUR20.Apr18,54521,54521,2138,2138,740.2378872563,4.2632488959,0.556006363,0.6452652064,0.9581860246,4776.7974585823,4064.3740458015
LUR20.Apr19,47674,47673,2559,2558,1197.3020873597,4.5191769453,0.5758841354,0.6375970456,0.9135309814,3632.2382588927,3514.5508982036
LUR20.Aug15,24404,24404,573,573,406.9857012857,4.3353295018,0.6826338396,0.721499357,0.97355867,928.3699359081,887.0921052632
LUR20.Aug16,62522,62522,685,685,375.6870852724,4.2465515457,0.6503720547,0.7162634341,0.9645036892,997.5290814217,977.2413793103
LUR20.Aug17,70907,70907,786,786,351.8662427975,3.0621207197,0.4592981198,0.5222564515,0.8101325582,1171.3449742605,1048.1476510067
LUR20.Aug18,23633,23633,382,382,307.9513606793,3.8719446148,0.6512482244,0.675738902,0.9468806585,453.7163963361,436
LUR20.Dec15,57380,57379,1428,1427,730.5842609149,4.8870198568,0.6727697656,0.7411487796,0.9771085901,1994.3350592641,1889.1506276151
LUR20.Dec16,60198,60198,1931,1931,912.4670437443,5.251299088,0.6940843996,0.7704198956,0.9848957106,2803.1679155093,2626.0438596491
LUR20.Feb15,53480,53480,1473,1473,688.2796737485,4.611615287,0.6321562197,0.7057663729,0.9737262086,2248.1668774514,2040.0104895105
LUR20.Feb16,71698,71698,2345,2345,872.0813616872,4.858789479,0.6261293824,0.7176005961,0.9741126551,3895.4485031629,3511.5389755011
LUR20.Feb18,36851,36851,1432,1432,748.8470238846,4.4017368636,0.6057302112,0.6650621396,0.963106846,2388.2222601658,2208.1149425287
LUR20.Feb19,37449,37449,1033,1033,585.3630543855,4.4931570947,0.6474082228,0.7051150854,0.9718395253,1627.8587537846,1536.4201183432
LUR20.Jan16,69920,69920,2263,2263,957.774528701,5.09715636,0.6598733338,0.7425264629,0.9780774187,3392.7275255233,3327.8309859155
LUR20.Jan17,59915,59915,2720,2720,1150.9233948904,5.4144229704,0.6846431341,0.7681863316,0.9848176686,4468.4289858154,4119.4626556017
LUR20.Jan18,43046,43046,1225,1225,679.9288630074,4.7218315255,0.6640463105,0.72398652,0.9732810388,1810.1757004472,1759.9787234043
LUR20.Jan19,56918,56918,1690,1690,811.2864403056,5.0140018062,0.674606489,0.7485125173,0.981960661,2475.2823788413,2325.7070707071
LUR20.Jul15,61414,61411,644,641,362.2142813496,4.0947416772,0.6331064341,0.6949385081,0.9560670522,817.1289099877,817.0722891566
LUR20.Jul16,54646,54645,717,716,368.9315899218,4.1709902578,0.6343638247,0.7056783288,0.9585355861,1141.5189086244,1012.4590163934
LUR20.Jul17,72747,72747,564,564,310.7674972731,4.1262198499,0.651331415,0.7189732481,0.9528322786,757.9259883063,729.3733333333
LUR20.Jun15,12226,12226,377,377,341.1612669883,3.5736196476,0.6024059247,0.6127232431,0.9352761527,875.459371094,935.3333333333
LUR20.Jun16,66655,66655,2110,2110,830.582503954,4.8971984847,0.6397850686,0.7285191563,0.9763124358,3480.3568051825,3237.102425876
LUR20.Jun17,56047,56047,1137,1137,489.6081917707,4.5064190748,0.6404667381,0.7275922081,0.9771299074,2039.9926787249,1771.0613207547
LUR20.Mar15,46958,46958,893,893,420.0184540491,3.6987740989,0.5443707362,0.61234954,0.9305955054,1663.9376456972,1475.1208053691
LUR20.Mar16,14123,14122,791,790,648.9694941257,3.5366757893,0.5299742056,0.54617222,0.9093233231,1955.1281590323,2007.3186813187
LUR20.Mar17,62479,62479,870,870,397.482165322,3.9195129491,0.5790820536,0.6548729616,0.9292281969,1376.78,1284.965034965
LUR20.Mar18,33730,33730,1397,1397,807.3532551587,4.7961657577,0.6622633546,0.7165128147,0.9744225472,2215.115101708,2092.2970711297
LUR20.Mar19,51645,51644,1527,1526,616.3941184077,4.0949112442,0.5585701213,0.6374507403,0.9342697814,2962.8791603486,2504.8013245033
LUR20.May15,36646,36646,575,575,376.6319716159,4.4244946672,0.696291629,0.745960946,0.9776014674,762.2241786818,742.0117647059
LUR20.May16,66917,66917,762,762,342.9048413782,4.0423772544,0.6091636243,0.6924899043,0.9584710381,1243.1537427284,1189.6339285714
LUR20.May18,69797,69796,3061,3060,1290.9938177424,4.9395613008,0.6154068628,0.6895777923,0.9685743911,3880.026865067,3780.2869269949
LUR20.May19,38941,38939,2082,2080,1154.6521418882,5.6361159136,0.7376068277,0.7992728401,0.9898896557,2935.3025289399,2819.396373057
LUR20.Nov15,10931,10931,572,572,552.538026467,4.0709039869,0.6411741801,0.64468915,0.9536538529,958.4417651215,987.1923076923
LUR20.Nov16,48808,48808,1497,1497,739.6821427968,4.9256291692,0.6737083903,0.745604711,0.9811174133,2473.7648209272,2277
LUR20.Nov17,82057,82057,3346,3346,1105.0215789033,5.4386477692,0.6701538753,0.77610482,0.9874407762,5454.3140297406,4924.3722627737
LUR20.Nov18,65227,65226,1981,1980,888.8536432879,4.6451806233,0.6119038526,0.6841276494,0.9584478598,2750.4040669139,2634.9943342776
LUR20.Oct15,10626,10626,473,473,464.0093293683,4.2810656708,0.6950802676,0.6972527928,0.9654692479,740.2858581957,827.5833333333
LUR20.Oct17,73733,73733,1030,1030,462.6584202071,4.4599744351,0.6428964269,0.7267365828,0.9741788074,1498.3567980189,1420.6140350877
LUR20.Oct18,78056,78055,2215,2214,813.3543065942,4.8540096248,0.6301447207,0.7243529012,0.9757602233,3427.8506158586,3126.1760722348
LUR20.Sep15,34081,34080,2569,2568,1385.3340653494,5.2859568535,0.673261206,0.7307407473,0.977588473,3915.13545171,3634.1666666667
LUR20.Sep16,12245,12243,596,594,551.9942498969,4.6748661182,0.7315633889,0.7404511373,0.9752789224,954.3574756302,975.2133333333
LUR20.Sep17,59612,59612,2038,2038,827.1860687056,4.8303392712,0.6339257348,0.7190113045,0.9773593978,3321.6115689214,3051.4300254453
LUR20_S_Wi2013_PS,42785,42785,4855,4855,2727.4405185941,6.9220044851,0.815527408,0.8749716145,0.9944710603,5476.8666853243,5305.5184210526
LUR20_S_Wi2017,53580,53578,6925,6923,2752.984170401,6.7977848595,0.7687285829,0.8582584063,0.993084494,11636.8699915438,10952.6044546851
LUR20_W_TS2015.09.15_D,40967,40967,2397,2397,1282.5080434719,5.0912975616,0.654242492,0.7114155992,0.9666026354,3158.3589374141,2999.0134874759
LUR20_W_TS2015.11.15_D,42198,42198,1252,1252,638.3170999652,4.5083393354,0.6320842458,0.6980112061,0.9691856049,2437.9846111427,2547.8156028369
LUR20_W_TS2016.06.15_D,46709,46709,1154,1154,467.9473146871,4.1880301357,0.5939634667,0.6811626279,0.9583142018,3348.6180017363,2931.6071428571
PB01_S_Su2017,18429,18428,4946,4945,3475.5543051485,7.3024807526,0.8584756216,0.895624267,0.9965044259,9615.7623459982,8944.0355220668
PB02_S_Su2017,28310,28310,3566,3566,2050.2261114797,5.8911242813,0.720256801,0.7725349984,0.9829360909,5886.5198835453,5426.1880108992
PB03_S_Su2017,25043,25043,6314,6314,3582.9346009486,7.4817214226,0.855002609,0.9141958202,0.9978815896,13833.4553597308,12520.6751824818
PB04_S_Su2017,26130,26130,6104,6104,3341.206744557,7.280238124,0.8352058096,0.8972343821,0.9968993093,14339.2488319593,13769.8184855234
