	EA05_S_Wi2017RNA	EA10_S_Wi2017RNA	EB05_S_Wi2013RNA	EB05_S_Wi2017RNA	EB05_S_Wi2018RNA	EB07_S_Wi2017RNA	EB10_S_Wi2017RNA	EBI05_S_Wi2018RNA	EBI10_S_Wi2017RNA	EBI20_S_Wi2018RNA	ED05_S_Su2017RNA	ED05_S_Wi2013RNA	ED05_S_Wi2016RNA	ED05_S_Wi2017RNA	ED05_S_Wi2018RNA	ED10_S_Wi2017RNA	EL05_S_Wi2017RNA	EL05_S_Wi2018RNA	EL10_S_Wi2017RNA	EM05_S_Wi2017RNA	EM10_S_Wi2015RNA	EN10_S_Wi2017RNA	EN15_S_Wi2017RNA	EN15_S_Wi2018RNA	EN17_S_Wi2013RNA	EN17_S_Wi2017RNA	EN20_S_Wi2013RNA	EN20_S_Wi2016RNA	EN20_S_Wi2017RNA	EN20_S_Wi2018RNA	EN30_S_Su2017RNA	EO05_S_Wi2013RNA	EO05_S_Wi2017RNA	EO10_S_Wi2017RNA	EOI10_S_Su2017RNA	EOI10_S_Wi2017RNA	EOI10_S_Wi2018RNA	EOI15_S_Su2017RNA	EOI15_S_Wi2017RNA	EOI20_S_Su2017RNA	EOI20_S_Su2018RNA	EOI20_S_Wi2013RNA	EOK05_S_Su2017RNA	EOK05_S_Wi2017RNA	EOK05_S_Wi2018RNA	EOK10_S_Wi2013RNA	EOK10_S_Wi2017RNA	EOK10_S_Wi2018RNA	EU05_S_Wi2013RNA	EU05_S_Wi2017RNA	EU05_S_Wi2018RNA	EU08_S_Wi2013RNA	EU08_S_Wi2017RNA	EU08_S_Wi2018RNA	EUR05_S_Wi2015RNA	EUR05_S_Wi2016RNA	EUR05_S_Wi2017RNA	EUR05_S_Wi2018RNA	EUR05_S_Wi2019RNA	LOK10_S_Wi2013RNA
EA05_S_Wi2017	0.278426742435847	0.782471839502038	0.589574879772751	0.751369901526845	0.687954145889515	0.842737492265236	0.706830760934201	0.676531407831609	0.784927245619334	0.86932152136126	0.897368595237541	0.669016411595581	0.549177414288723	0.659810396275145	0.638698702432814	0.679137189470249	0.775652015905474	0.734847532958517	0.783972323987871	0.664264124535409	0.905091099910059	0.643392472718314	0.702491589821843	0.873037527788694	0.743407394434108	0.941892670330962	0.657725174987291	0.931426608202572	0.751456285426635	0.944985702128827	0.952833051027413	0.762661456943877	0.660168223724758	0.835728952696169	0.893195413000353	0.850563510283722	0.847418701459067	0.955886926766693	0.859572148751624	0.949728567396824	0.49963174094743	0.892941616447467	0.852213327686111	0.708167139689836	0.626825527281606	0.64852997366182	0.767759992286239	0.678313887298622	0.711301302927097	0.584810364405889	0.641873722880753	0.634741823403565	0.69656149660549	0.664413779311793	0.480249517105832	0.530343500680567	0.684157243089727	0.723757402499547	0.556339907072033	0.96942008129578
EA10_S_Wi2017	0.822752342147536	0.419701318300503	0.893744276191915	0.631115954837158	0.738593885493281	0.661206870415166	0.64863045334166	0.716502863181419	0.676004752967912	0.839656830621011	0.803288523473838	0.903982443143121	0.710668048161863	0.88318796104348	0.883834758475769	0.76470152705449	0.65654848714033	0.67708105615372	0.709688555286766	0.713612549263134	0.944109476816249	0.762708352233327	0.579573496486576	0.590996686090335	0.663172671402429	0.780663949870843	0.610285485046004	0.611259005063444	0.614984074974744	0.656934044864084	0.812553685553002	0.743217126846396	0.555974827181607	0.882239180487504	0.669261125845399	0.518504700090188	0.546656716264438	0.751310394236613	0.676267880030696	0.767442178261232	0.815598329345148	0.632573966629466	0.767476381469512	0.744148720212427	0.83028813872859	0.659125742638101	0.582738744191851	0.621622014936741	0.91059880029264	0.778796472739058	0.885815644286948	0.721343133929374	0.720236056586875	0.756564799869847	0.858366545503204	0.761582631482606	0.662965745501112	0.747114694047793	0.750044540990468	0.916846429330187
EB05_S_Wi2013	0.858896989229019	0.741617788258775	0.909430353665552	0.578284090934886	0.630632141348772	0.646959087973561	0.703410902165826	0.51530816956547	0.699186148090427	0.836204732732734	0.790929918375199	0.919124346462236	0.798350202525161	0.909039780973859	0.902589871891114	0.779820195655955	0.685225419870531	0.646158294356944	0.716934669803676	0.74764136121731	0.938049452328011	0.862909355685412	0.740807837937018	0.640665752547201	0.799032949906777	0.77648739235376	0.777275024305034	0.734504664992263	0.768816063054046	0.713578321523503	0.821854249585358	0.720944475944916	0.648971682581172	0.87755321303338	0.829256415812525	0.757443688053643	0.699924759953122	0.760323912497663	0.797896508248067	0.765360722242127	0.842303784668035	0.700115784293975	0.728030129493214	0.762740196317369	0.837677148957214	0.683578299146468	0.647794297225617	0.695982987215746	0.92933948939132	0.824286789668285	0.904532770414849	0.794197741992344	0.811900934299348	0.817574581199042	0.873982907909901	0.836480438640558	0.776236344717061	0.797833131493332	0.825122654149419	0.890899996435765
EB05_S_Wi2017	0.803546650470989	0.643246702927853	0.882541439435927	0.392073291690455	0.609682450327899	0.530065497634826	0.560040965195269	0.562895802002291	0.687973992215452	0.786503718773527	0.754122401433608	0.894518923107091	0.712498863668169	0.873620973445489	0.869259832268238	0.71608439372532	0.525346052273484	0.591328134833417	0.657294503157946	0.61040898717099	0.926112307060563	0.806563985207819	0.64411947944605	0.657281535527077	0.743441296563463	0.781284177818081	0.718971059701005	0.730113645259377	0.724083848206912	0.724740717145274	0.768526226932323	0.68077885178335	0.574348935509798	0.852409701118269	0.828908785772815	0.70441582560464	0.657518422693346	0.788607778163803	0.772767129546518	0.776821072061447	0.802680948757139	0.667128827462541	0.703160148521555	0.705426487401286	0.806724661533985	0.622750108037205	0.553489901238154	0.609677087644794	0.906796927048786	0.773461041674376	0.871554168450339	0.707315178327714	0.729547778695299	0.744429290028493	0.838321377274473	0.752484562659668	0.73990040100883	0.762278321751304	0.746137864121852	0.889747847752247
EB05_S_Wi2018	0.807339598099544	0.698664694523194	0.864435854651165	0.509296411349788	0.521302365364084	0.580499940227666	0.651396785537769	0.482916762033471	0.641993252842745	0.811816685735043	0.769203821221797	0.882772651377266	0.757959100997573	0.870438329764613	0.862737642215969	0.740805960832553	0.621396565672939	0.570510281532643	0.67196026567919	0.70315589596261	0.928060447812974	0.82497957030158	0.698220569494543	0.619444890741304	0.77598118196036	0.746508154964247	0.736517900203261	0.705402940131758	0.723095500048018	0.683323001050225	0.80231289415698	0.68032893664056	0.581914419283914	0.856358548507569	0.805567198995427	0.718017288154059	0.654800396609342	0.753963983047497	0.77234206103403	0.742345406655705	0.791466694669046	0.665879376033827	0.693755160001322	0.73076973821997	0.789817516978999	0.633868830003609	0.596514535105259	0.654754934936725	0.894789118182797	0.777110319257042	0.863254178197475	0.750099484421666	0.769342021739383	0.774269026318166	0.817619504833339	0.787220100348913	0.736592777466079	0.728634398102943	0.771762699420287	0.884074378964699
EB07_S_Wi2017	0.865834282035232	0.675863467697448	0.932696978903725	0.51996218306894	0.67123944853088	0.384004580590335	0.640514001501731	0.63985446884138	0.730126121125825	0.681144739082767	0.768346224689519	0.943124381636921	0.77950153240214	0.926726851245562	0.92458722233584	0.686893736200844	0.567275331656168	0.631618556787302	0.578330074288941	0.68126725073143	0.874635732736247	0.857790573451228	0.707314106543958	0.673341074801004	0.775315529622741	0.70829734484695	0.771474869905558	0.708403368331325	0.763575680612623	0.705274979042312	0.680991122196741	0.659708681860807	0.630071007865917	0.784586352740716	0.826053733767773	0.719706698735641	0.676403109215162	0.769046680048625	0.778687881303774	0.709946948430103	0.849021554217146	0.635467924987907	0.753961946429768	0.78427619986689	0.878168587084152	0.701477409146862	0.628108740511981	0.683102854308403	0.950404423386624	0.841518109546762	0.930176853451535	0.778217827060183	0.789539923485744	0.810651911997993	0.895070250617856	0.817763024786166	0.793769157088618	0.781450870876597	0.786578498143353	0.816862513133153
EB10_S_Wi2017	0.735043570454842	0.593654509309154	0.808676424666115	0.449147897967102	0.624801057770215	0.559140573919088	0.416345246114126	0.587799853398093	0.708153449047774	0.809401084647005	0.77250584101747	0.832700267701122	0.62071087154373	0.799866136779797	0.792637633288681	0.712439547296891	0.551265459475715	0.579662959980136	0.705192621890827	0.60806009253677	0.919010012337464	0.697766879408096	0.520004513535608	0.686884542063815	0.692795736922113	0.820410806048843	0.609410828656036	0.743888604258413	0.63162814944731	0.752280909971301	0.796033942979657	0.710346961943349	0.53753873176458	0.850074134247893	0.813429007257658	0.695021588841832	0.647958522197352	0.82951054937717	0.734056911411922	0.822849870914233	0.748885827751187	0.6869575479455	0.71842770315113	0.674429933402567	0.753998695510457	0.581391545928946	0.54070052602389	0.573854215483296	0.846267872682577	0.699595891613375	0.794536923007462	0.634989198620934	0.670548592521336	0.664718406101464	0.763331095962036	0.680022248309898	0.63609208670341	0.735123088361909	0.689654713497516	0.911715522769541
EBI05_S_Wi2018	0.530201669580491	0.846039495115764	0.367777751536757	0.812492993167693	0.724198015968048	0.911519644836267	0.738605815319516	0.708117272341847	0.850639874504205	0.899433202377263	0.956620196565154	0.553432115209012	0.621673701136609	0.541977254521721	0.528066905378143	0.741003194507755	0.874577543760746	0.797489859686334	0.889834225704795	0.774376567743545	0.918597066752875	0.625927910780296	0.717594179032821	0.914356182148404	0.809019685510625	0.968609272283933	0.667516109445387	0.962712712219766	0.786266512329067	0.97525160726253	0.979473665858888	0.856777688225179	0.681188767683099	0.862264622353867	0.919804613158729	0.891751998363931	0.884902421329428	0.978857288308333	0.890721262661521	0.976404564470228	0.549331480752708	0.931264264588621	0.905043186661178	0.757244058754727	0.594085404689006	0.687663115559381	0.832182129183884	0.72461626747366	0.587148825404015	0.530936236616953	0.540776667347877	0.640085433356822	0.640599979039993	0.659803008331999	0.424155713998653	0.535972469958781	0.725888870922001	0.81182466044441	0.633211257815837	0.983557910844286
EBI10_S_Wi2017	0.816345213400949	0.730899979162409	0.907195078209523	0.65516795919741	0.705785720210302	0.629281694832543	0.744312915441857	0.677830921183967	0.698150532221219	0.743643926297796	0.782489590211655	0.918628001702258	0.75139225861511	0.903960940942777	0.902224389580516	0.577579862518654	0.642370748759482	0.649124902358502	0.507287637075597	0.713491787007249	0.896719415290496	0.831649750592027	0.757814717413761	0.73436364446548	0.762858595506464	0.754116225735051	0.80248584086382	0.806496678366509	0.799589426610815	0.782002166898275	0.803622331430387	0.363289585762946	0.641126151542743	0.778939095362534	0.84548603710187	0.772285927037305	0.751008397046112	0.823548988256737	0.821374782484132	0.757919942802021	0.748387582064998	0.719044054555195	0.759387142018554	0.753270436570158	0.844502028286863	0.719248713419434	0.680823485338866	0.713865200651796	0.927898406178611	0.822466124841565	0.906074212358559	0.771394949196398	0.790998442330533	0.800162241498048	0.83060461090463	0.781209377232097	0.809629699162012	0.727543743144889	0.727605450663185	0.878184126823391
EBI20_S_Wi2018	0.932625810965005	0.869681785047998	0.960538116523888	0.819603741956182	0.870215217476434	0.703765327403306	0.86337430239992	0.857302930919354	0.884434318736037	0.401234669832888	0.900963635835406	0.965480291308806	0.89300109935687	0.959013071620459	0.955769260520519	0.749591896203114	0.811763984900184	0.843487992862436	0.723495792575074	0.835170003664581	0.784299000147718	0.932160861291251	0.890310711914281	0.878274040544378	0.893888760784743	0.775919202282334	0.913694396301232	0.892067091136487	0.912659024304693	0.870351497973965	0.7138228796806	0.778980557518806	0.846949314107202	0.700166903275168	0.920515691336457	0.879637285727786	0.856078698420176	0.877646016955054	0.8928216904104	0.797495449289392	0.914340251995597	0.795181027268345	0.907638031349386	0.909639521499532	0.942670117270436	0.889880107879598	0.856913792026516	0.880239105685246	0.970623270497295	0.930332829784504	0.961551037023411	0.90063533152524	0.896846178384972	0.909606143425144	0.940301978402875	0.901950246633204	0.925890766965223	0.889107114474921	0.882122047608134	0.760777602851077
ED05_S_Su2017	0.881341623361696	0.715937834672805	0.961257484795607	0.627023655317455	0.728378374254308	0.649680047986737	0.732157303635298	0.671192802680393	0.698430413759421	0.853538088611785	0.598290070695265	0.9669122479421	0.767425808392738	0.951024629151173	0.945721103382664	0.770066689732766	0.602655390569766	0.640210803095537	0.684341133697091	0.679821666469481	0.950797331732835	0.870075848749338	0.746161914184437	0.696466890734134	0.818260459043033	0.813027410068274	0.8198791749591	0.765255838440937	0.785932031696245	0.748391694913481	0.833645768570197	0.713674378992113	0.646662695876712	0.887171729179392	0.855089347007671	0.762968488348088	0.736427254726417	0.820778169859333	0.832449582146471	0.81756419289985	0.845335321764877	0.76435739481939	0.728754222837435	0.76516198439402	0.877836283960849	0.721068383135372	0.662113627894832	0.712039295875177	0.974712199203728	0.84489775853199	0.946786376391225	0.809006825152136	0.822097459780307	0.840713410746656	0.912847116993973	0.834427549503786	0.805736242677965	0.748728645981029	0.79254982330987	0.927414426046504
ED05_S_Wi2013	0.680131870557539	0.872418560012178	0.610814711024957	0.853442038377725	0.793179872263034	0.928791335578694	0.776828421658962	0.767978614869837	0.88403775563131	0.914743567260151	0.973697967592817	0.400139760496957	0.667436400767534	0.323831460685882	0.45336601768764	0.725667800920136	0.899583287924241	0.858194162364109	0.91362219953189	0.818333622729736	0.916197067614032	0.653978979139773	0.7539264090409	0.935854817260268	0.827784493073123	0.977223074665477	0.701642360913754	0.973522159642937	0.838757173984932	0.98562585716717	0.989846156091722	0.891306720741565	0.701892596552697	0.870479829651879	0.94174632283381	0.919061955408531	0.909977910985687	0.986765501931199	0.891901702051078	0.984624519474382	0.652533550809627	0.943568495722724	0.921546840405758	0.695926856611922	0.517622456220194	0.705625606961846	0.855793487040303	0.667016143531202	0.216590558496396	0.491710411240879	0.610394457081208	0.502248274687716	0.487443794143589	0.537012584703704	0.576872735883634	0.664152815969262	0.806427157959866	0.884566670857836	0.665035392431395	0.986166177044053
ED05_S_Wi2016	0.587308318787109	0.723809604661211	0.68618677438828	0.704926821869088	0.705891122253294	0.795171289245242	0.610493239778413	0.676447964530202	0.762486609205758	0.850184146146752	0.858750310833215	0.731684199682293	0.402117963717218	0.658460510174232	0.655393889813241	0.69856291123765	0.742962690378533	0.695363887922822	0.765150469257693	0.651361238497276	0.907404744838515	0.62411860791838	0.625026498446626	0.80801713321472	0.728542886914514	0.916463241919308	0.618595251163538	0.876919720634593	0.646148810366614	0.893911503437503	0.925920177383591	0.758624916480939	0.596291608153375	0.833874848332027	0.838452453243299	0.799673418634414	0.79239776563987	0.916755555668853	0.790627089968678	0.920042027624724	0.6185515707915	0.85149177983666	0.800837459747868	0.643131205356965	0.640521034666179	0.595568241473788	0.694374350971756	0.595213601141218	0.727612509202426	0.564387958981372	0.673661738502235	0.619931647939344	0.672247900140353	0.582192932913088	0.620765846997131	0.581077250340654	0.611137764603728	0.728542845638765	0.610423469887661	0.958546909126652
ED05_S_Wi2017	0.608876455794585	0.834151161078479	0.555079884389416	0.796206364753734	0.7474419887573	0.898533821124369	0.719640185780726	0.719330498871462	0.856741267069189	0.896529596826149	0.945480689192602	0.465898250421817	0.570975630095553	0.265975309283029	0.426551671034519	0.683302760913613	0.858786719837066	0.806987607855102	0.882476767597274	0.759179232797558	0.919618154009031	0.580980254817744	0.688502107803001	0.908392954861275	0.811609012072032	0.964145375276461	0.651160932112271	0.954613609714927	0.784833873122129	0.97022161086157	0.975290826318064	0.855399880637908	0.646952420854028	0.859015966650566	0.910308689707783	0.888671657083094	0.880935610149761	0.97287983522136	0.862687848862172	0.973146503048448	0.613861473991712	0.920568432226248	0.887432310109053	0.658781673506402	0.500756620576856	0.657471435328357	0.811037963798861	0.631388484870927	0.339157697211275	0.436215393946777	0.566355139324821	0.497484112370553	0.461120381733399	0.494080276818524	0.536784878889998	0.574224805581935	0.748949828181514	0.835353831627933	0.619491087677143	0.980509601190551
ED05_S_Wi2018	0.573682216782569	0.832331735623325	0.532329190017069	0.786754595093742	0.720855144378923	0.897029447200943	0.693212334609579	0.700509308004861	0.858324705934548	0.893934738497093	0.9360901323015	0.520668432812769	0.560387902085721	0.436363859384158	0.360772207624562	0.684441532769963	0.853764833490435	0.781008851441638	0.874646638422396	0.742404157969029	0.913701399846055	0.633409961012732	0.688696085524434	0.911638408989998	0.806661892095395	0.96267718864847	0.650932219103754	0.954993123050789	0.764601999723678	0.96800201747573	0.971001832472521	0.846605958350515	0.653410861716542	0.864754430355428	0.902399383237755	0.882108551546879	0.877231512441706	0.973977076033132	0.858069855207276	0.971972540153637	0.59695431413758	0.923982231252096	0.877888169394507	0.664547655470027	0.508144142399319	0.635592580952585	0.808556195934082	0.641262630483753	0.49343668704237	0.453552532252129	0.503218296915239	0.561663110533034	0.527156117766743	0.503780328023113	0.500285732539572	0.570317257601945	0.714212134568661	0.808485056608738	0.626956668873914	0.979614040167887
ED10_S_Wi2017	0.75025329049344	0.730868124960666	0.830748840569008	0.669574620098962	0.716925485241858	0.642427778400818	0.700788638684595	0.682900090980613	0.738327696876349	0.679132528148995	0.812401977781404	0.815182991762681	0.671270552710845	0.798694838988123	0.801119323846432	0.338808527703028	0.649333002240426	0.681631924695161	0.535340843214362	0.650091296181035	0.843304703769182	0.715157636234799	0.702822025551605	0.777333808013206	0.704345866057911	0.790245697751512	0.722273001712855	0.834142909976544	0.772784542622552	0.827638643755362	0.778271479840657	0.559564772426646	0.622966966636961	0.71983600346647	0.876284945847094	0.801136479798412	0.779055450402074	0.8766694971447	0.824084082205296	0.809301002530134	0.699350011072997	0.76421093626542	0.810435132269016	0.740985954888959	0.772150695930833	0.687806145506591	0.715198039716351	0.683857725079909	0.821009135468797	0.731132130455757	0.814266463048909	0.693518886381377	0.717548008739301	0.730618583654273	0.762392616933581	0.717265390000323	0.759795140125207	0.754354911696876	0.678212563885483	0.858964697138764
EL05_S_Wi2017A	0.811304909997506	0.638486182747864	0.909824259316818	0.485345289963248	0.655629183525323	0.540143928840545	0.620013166851921	0.629264245555178	0.686446474300549	0.790389637731123	0.713136259381075	0.920429850051253	0.705348710060604	0.899399006269308	0.900015387788907	0.700772864132501	0.394908240608802	0.535667014312531	0.599399740521509	0.585786805247583	0.919167868836656	0.82045607566645	0.673229733947852	0.681339966015183	0.764593551162584	0.777075834936011	0.753988522951591	0.743705725433366	0.733523473221109	0.73514520800694	0.79750696322969	0.660526851137062	0.575346281491549	0.840457510255137	0.830137275546242	0.711644856696911	0.678085549556087	0.799914724565032	0.784227351701968	0.782627893414596	0.806916935778021	0.693437629217987	0.712180859157181	0.723794882181118	0.843005726400504	0.656267686159336	0.570095872658523	0.636865249196452	0.931428303569431	0.784073566057712	0.901807626668623	0.720504120506464	0.753287002816269	0.766384599951302	0.863349021774732	0.751420190762725	0.753959332428719	0.723753605442546	0.725848741477684	0.899152520443425
EL05_S_Wi2018	0.803497021785776	0.65324110184747	0.877767710690454	0.522903804575762	0.609281946281995	0.563596156125855	0.639150944403945	0.578751676402144	0.668338007866312	0.800848293714975	0.716307815945693	0.898710506710206	0.712264947561076	0.878439471794649	0.868611414060657	0.727132707826969	0.49850897233389	0.467606541870948	0.613207824285702	0.62719988222186	0.92786665389782	0.818195518895265	0.677382282964888	0.659909125177613	0.77459634892602	0.757433086537462	0.729926617474764	0.727632318370437	0.697416179673784	0.714308657641047	0.797245433842274	0.653919189569965	0.573193572854579	0.849508841045726	0.786704197651329	0.693939286585069	0.65667228037624	0.77732906275181	0.758869216341783	0.762802009615856	0.791303118882129	0.686968361661884	0.689023459969865	0.724457289445524	0.814786558546156	0.633578334385711	0.580134040440516	0.643906099639999	0.914716049556562	0.76136097721767	0.869517240280947	0.740322462550508	0.767821418895766	0.752374735493705	0.833180108590672	0.754154599684124	0.715998567839995	0.696629701578587	0.735914076066637	0.891380279142994
EL10_S_Wi2017	0.826903925161185	0.693357072654758	0.923384496502842	0.630072734641117	0.715511428785772	0.534195322369691	0.730848140504715	0.678499800620282	0.683920559974717	0.674360121777666	0.772923623886012	0.935084683549871	0.754060543983327	0.923793888137686	0.917675126060967	0.561504805186159	0.582488155687595	0.628995652825971	0.312227805557328	0.684462309617123	0.859783809446851	0.824910288306407	0.758174800533803	0.710918086086467	0.719249071548052	0.692654197795609	0.796903059173112	0.764182794846518	0.795095422757499	0.742160222417903	0.744496636027079	0.527121767042093	0.610082708381205	0.755393508833952	0.841827309162008	0.749289018378735	0.732193394529282	0.805247131556403	0.818900108118942	0.705157097598479	0.766117832378117	0.687632248296282	0.784633540052057	0.780549295054228	0.865749801002605	0.727664965596401	0.667912207241802	0.699038012061245	0.944043757740508	0.830252230682642	0.924094210032614	0.77928610686895	0.801462934652277	0.813599552017002	0.849978539017989	0.785608261385668	0.799666619678801	0.715508775504607	0.728512312402128	0.82196424925696
EM05_S_Wi2017	0.730988329005402	0.712828034846874	0.850079169807577	0.590891081340695	0.710453358018916	0.669409619702593	0.654947414163065	0.689886632158206	0.765202500013375	0.796017128407936	0.768109914525696	0.861653277916306	0.653124172705276	0.836551546135798	0.838660193701612	0.68463707282655	0.57465322949077	0.643332370998535	0.689208639174648	0.430926381863361	0.894504347587927	0.78429652468706	0.689708623644866	0.782791355896473	0.782298888536736	0.860885789997189	0.755368219103617	0.836670158092654	0.780430897554476	0.844596718849438	0.848016443259238	0.703887575872226	0.64724969689033	0.812596597719026	0.889194381968158	0.788014140240823	0.766081635252191	0.894669965935788	0.850790556716405	0.871927879950965	0.761480485027571	0.783657947615467	0.789681585181517	0.703442382793805	0.800207563109144	0.694673714335422	0.664777313414872	0.672613459471443	0.8676338330076	0.755705831140918	0.842936641056455	0.705467753461954	0.739727122480892	0.739608480856168	0.800245464760255	0.689884640904891	0.785235764687425	0.769352238500143	0.688651184275687	0.922781056767298
EM10_S_Wi2015	0.872697839720113	0.902313064162909	0.900513495631854	0.876963376763835	0.871229809148733	0.828952965321096	0.883533396911732	0.863869049968753	0.89158200221206	0.694078895857519	0.948466675243484	0.897658952171749	0.865786144869958	0.897363945296828	0.894295751611374	0.77686086981565	0.870899470550716	0.883199323562215	0.805851249492329	0.851663923905273	0.60764196224258	0.884840228960257	0.884131417787972	0.926761527838202	0.887708254663702	0.889671775280623	0.88558166072758	0.953683938768596	0.910110021339488	0.951119283804193	0.770861030458869	0.842712597362028	0.860898780584923	0.755496117194176	0.959904631051215	0.937221414117276	0.919665545305079	0.956495010241285	0.933032366817551	0.909410389979142	0.862894124246899	0.899813271749216	0.94518778752318	0.88546472153302	0.88966833444652	0.870632758609794	0.895932427084654	0.872881468654824	0.899830779226841	0.883829285453757	0.90259529995249	0.872664555873799	0.881508966685058	0.886531321541724	0.876803091259199	0.865795819593055	0.90683418061714	0.906671511433959	0.850679446667752	0.773533020620985
EN10_S_Wi2017	0.658120673333113	0.678822138856059	0.7172606594271	0.719249382430694	0.731764562244228	0.801994846461855	0.648074522683518	0.687118575503987	0.742695687111539	0.874609693751904	0.889265138197046	0.720106219310217	0.559177628333089	0.684566159489176	0.716269187265474	0.685391290130758	0.759138434185259	0.75651885472631	0.78168831168831	0.71822036504879	0.918025116066908	0.366668791668343	0.538084602688789	0.781029853331349	0.611375524362769	0.907253418819677	0.484155361650911	0.837179136921378	0.637349774160234	0.851302618988065	0.910745469837144	0.797648019282354	0.583378635768423	0.854364201621587	0.874743805225465	0.78360704815433	0.779461388056276	0.908872244051204	0.81092180501736	0.913939966270882	0.656774450655894	0.8361763107279	0.839523646005916	0.709863525219626	0.696480641660712	0.608629800744825	0.677472659966028	0.631918722297029	0.720844912827166	0.61794634334389	0.717082369960629	0.600294111766645	0.648206398536212	0.650852232164718	0.668056112804614	0.630841130111602	0.590017008165173	0.774841387811023	0.6436601916059	0.950402642391655
EN15_S_Wi2017	0.735108478020213	0.528853434841693	0.796312194118272	0.582330414579688	0.688930905555629	0.67970985032079	0.559851071599601	0.658299273501909	0.691771904130216	0.841378208912702	0.82015955533942	0.808696057400345	0.604298179443603	0.770399912542011	0.78159834635592	0.721098368554634	0.665010311805959	0.664306070856136	0.749812993934466	0.668068395371158	0.921829336463357	0.636394444476623	0.410065184879235	0.622784068349253	0.653191458741437	0.836018716940178	0.487431991285388	0.665593451639458	0.540033754272984	0.721363740063923	0.827133506099221	0.751080051790085	0.527293664859128	0.86311339462414	0.750086573584927	0.599647382952796	0.594794542885836	0.787121557314592	0.698008548346645	0.830395026773541	0.745213759445055	0.680344940182219	0.760185112027068	0.694246215190914	0.740121437806731	0.591704126806712	0.57653377574556	0.586148062480132	0.813445568127891	0.689298885669802	0.78494939019897	0.645355400399514	0.657116934846204	0.659212698767972	0.762658989426942	0.683177626595175	0.581039905925247	0.748863134328979	0.699050138142538	0.932958328599997
EN15_S_Wi2018	0.929779606982989	0.695381097366651	0.963145462317159	0.691264962084523	0.754209212103418	0.70274758722991	0.77611382581487	0.718783329850869	0.717367770075504	0.873946160003238	0.824020667997033	0.96821294525365	0.850642483148828	0.956545322683796	0.955693697308852	0.837570800170994	0.748980558104631	0.740001847644973	0.759014281564329	0.815885428380799	0.963560013946151	0.896786024537001	0.73355410199579	0.526247760237401	0.789728380714927	0.763395442578894	0.778444158248523	0.595369628918776	0.748564396568275	0.585702414994851	0.790284745249932	0.783983955366318	0.689370489392158	0.922669084728355	0.716161220941268	0.635005506279967	0.605383609146513	0.652583207213664	0.73550549690094	0.738396890674959	0.907632387865093	0.643990430325228	0.792452607480105	0.828000396439389	0.907015880666323	0.763643244525436	0.713973881551954	0.757860054344721	0.972021012229044	0.88917809322239	0.958703767987341	0.848130025046211	0.855181482325464	0.864750825581504	0.939383691214782	0.892803892057213	0.796908100251089	0.831379942261797	0.872879698703833	0.910215728319746
EN17_S_Wi2013	0.765023018937029	0.639066048544079	0.827507259141027	0.738476482287965	0.770101199675214	0.7691581843987	0.731091100924566	0.735136223881279	0.725073184285434	0.846385764594421	0.874854163002906	0.86089649614556	0.70796623679418	0.856170686671062	0.848369429207172	0.739108878968789	0.759457246528728	0.770158431229372	0.713421542456919	0.76513290826421	0.928081100870753	0.668761366746077	0.696087463760269	0.677451490057835	0.318215187074234	0.85579799802873	0.649482548869304	0.743909592161661	0.725310781731843	0.789289040713294	0.887374720368069	0.765376891718995	0.648821297046532	0.869551735890227	0.792076478859974	0.70842200830137	0.747956898965846	0.85923937944627	0.808507155569096	0.849909597127506	0.758959001072276	0.77873021017435	0.84869112741361	0.777433918831695	0.80915240983833	0.695082959071793	0.681470897970504	0.693624013107115	0.870274699500512	0.779366547003271	0.853661431117789	0.748572378335309	0.77885507958243	0.777186033100496	0.776114113804822	0.763605682350432	0.673255708031907	0.786360850848733	0.763976654591903	0.929610187374631
EN17_S_Wi2017	0.518663056757902	0.745986297504367	0.636326722825342	0.716475095785436	0.652504491469099	0.78838111256176	0.697053856012545	0.62967764145434	0.666841057883098	0.82538559886284	0.846651857030696	0.672401653428343	0.546173198362004	0.681784371824786	0.651562088148055	0.583044901707212	0.736374196786576	0.686788686761696	0.669019555847635	0.665703116057546	0.892438399851149	0.642858036036818	0.685814715213162	0.817403374713016	0.696086201441355	0.895207452996985	0.652701531986391	0.893019393355245	0.736880869406029	0.902145635270966	0.928551166354926	0.641902646305276	0.580992836335049	0.801764644432292	0.875285562853511	0.821218537141426	0.816502785124817	0.932043776205747	0.828353299555975	0.905873739579085	0.358295705070771	0.849467474355102	0.792916847951455	0.676757819698887	0.616220151614767	0.590261578785095	0.709134814666346	0.636874172275203	0.724966317581103	0.575476094775465	0.651987489846722	0.635779722377549	0.676722102415669	0.66336273226573	0.471447496904268	0.523069462661831	0.687482569545829	0.618192498926317	0.497823916608169	0.956782398722579
EN20_S_Wi2013	0.754775278231205	0.580980562795224	0.788771061798009	0.680442745299539	0.721772903066546	0.750925364279366	0.621815107574909	0.690666372110354	0.707282549703128	0.862830617296318	0.873692955763691	0.804525230170555	0.636480741384118	0.779566222886039	0.778134507907212	0.758422037230496	0.73988944204175	0.716378303469387	0.787221084433596	0.740444126793599	0.925839156885338	0.617587078208938	0.489515940373413	0.657223720143487	0.62484047532906	0.860388484669596	0.388961827843	0.684164500276392	0.47381728032659	0.745689451012425	0.873542124335791	0.797144338491589	0.590489577058305	0.870107646120716	0.736979373898221	0.616525383554446	0.640149684153422	0.81334214650958	0.710490008845283	0.858252127744246	0.749251815223083	0.742134951487255	0.787437999662557	0.725366010060638	0.744614224160121	0.59805023049303	0.619842345446035	0.619554653675382	0.810523946691309	0.692589437191606	0.785500769931223	0.683924659570517	0.710752111492435	0.684849765645349	0.746031095300581	0.715124254528302	0.502853916686904	0.75755413039185	0.730507999686355	0.94104066585874
EN20_S_Wi2016	0.941394674586769	0.676944324950518	0.970235012563595	0.724151260705437	0.802896271653529	0.694255747307067	0.783509808543791	0.772677873127928	0.752241206133181	0.87032749919575	0.851448546716516	0.976628846313937	0.853673448063462	0.967698895952575	0.964081986491654	0.853125465494481	0.771824721154024	0.773620989774615	0.769909457556385	0.839296638541186	0.967070130863652	0.891987532642987	0.724652160906928	0.580678483785815	0.779711212652326	0.700672597669104	0.750810309963828	0.428466238790046	0.708437105214971	0.456200925269795	0.727057063067701	0.808374973589939	0.723588584823739	0.927294895645567	0.67422711378865	0.564523805181072	0.524118914410924	0.609980121767608	0.672188026333149	0.670612950673129	0.918131433012369	0.555772207247299	0.81395357892949	0.864850567597898	0.926281215602113	0.792050803630827	0.731133526786043	0.792057218105073	0.978129123517689	0.903111573280391	0.969442158825325	0.866247112114654	0.863904596726465	0.883256693361557	0.947894262990004	0.896974086974474	0.778799355917124	0.835768752952706	0.877716848016917	0.886780901636743
EN20_S_Wi2017	0.803875707822834	0.618925172473108	0.848677445661451	0.693807416539587	0.740321208891552	0.742701313393862	0.651729875088318	0.721102836152449	0.726349992457405	0.885710124061555	0.858837441381171	0.874374447286737	0.68593550712066	0.849523197495153	0.835013593704392	0.80320217187563	0.740814640482115	0.702398899097489	0.792219034540734	0.764197489536794	0.952298801272166	0.716581381826613	0.536141605620379	0.667154310261418	0.7159399033694	0.840269867658897	0.502177493624965	0.657561547346001	0.414992558646272	0.700600997200703	0.859628124149504	0.800515496084267	0.634665719909543	0.902271600790214	0.713487755150887	0.603738907674444	0.609636178311475	0.791331391936398	0.691580148847902	0.836455423012213	0.79803468094115	0.72147214384603	0.768442604122138	0.767066905671052	0.801478889154705	0.654729336178071	0.636960210966898	0.678068659551442	0.88823909530534	0.750852283636372	0.842068514554823	0.770356984870978	0.785341269410042	0.755679443028119	0.813816556460117	0.761436362811678	0.511369823551739	0.759061603685768	0.773549001325833	0.939346746514587
EN20_S_Wi2018	0.849616737472124	0.590316883250869	0.894110143331451	0.661492822869473	0.740914294836544	0.674806321297704	0.680090171959681	0.716946576622422	0.704704216813118	0.857911135301945	0.838834774935352	0.912877913155531	0.738929524738455	0.894686878508204	0.882767988746897	0.807758440291713	0.722687125775672	0.701551840491179	0.755480879113724	0.771428129167209	0.953830986461742	0.788144491549868	0.602059865584598	0.568584591248548	0.71374573389318	0.742122997891904	0.598584219061849	0.501313979612556	0.553182928884461	0.548810424516185	0.765747402950972	0.781405618442494	0.631711406163131	0.901356819167632	0.644753204247029	0.520010384233429	0.504954735777306	0.667304288965641	0.63408567469726	0.722030038199277	0.836015515242338	0.583394464646878	0.763992614130491	0.786693551178361	0.837866848493483	0.68199469647206	0.645733588267089	0.689958458682355	0.918778794661794	0.799083666279291	0.888375500087825	0.793054943954472	0.795923515511318	0.785383274509924	0.862013661411405	0.802995781069593	0.626059342028048	0.762408781830213	0.798366604987482	0.901976868909108
EN30_S_Su2017	0.966522653001915	0.853997725350743	0.986957984200817	0.803871138818169	0.880626159830602	0.697279794555215	0.858539793627314	0.866871696608447	0.888386814013317	0.728233694726988	0.901315468701448	0.990965590300511	0.930207833167296	0.986305850251515	0.981108240853389	0.820587643386716	0.833714972889372	0.8505239511817	0.778284614880079	0.87055694491146	0.863466332027238	0.94374535835327	0.858219395248632	0.833321676854268	0.901079815749071	0.683552991368863	0.900180549874829	0.773775320931038	0.88782166037201	0.748658597309282	0.380568446240658	0.834510607429462	0.861484963328213	0.847249626298436	0.897481048818286	0.836855159940964	0.789339358495497	0.796678109396563	0.859846108324278	0.702574388949396	0.951466116369601	0.687724655383005	0.912834402684912	0.928152866864434	0.964351996101856	0.897795933176585	0.858309433654099	0.892860307631808	0.993773385768005	0.954003930456805	0.984076415191303	0.9271487934792	0.921039401874295	0.933417343878914	0.973474604508675	0.946253904156995	0.915456986680204	0.925408411192988	0.929670587049596	0.663491332067181
EO05_S_Wi2013	0.871758496273894	0.666237294031957	0.93028477289091	0.694268282699875	0.702116191878428	0.72834040593688	0.763345615496072	0.674471029695244	0.336357983312308	0.875125219092632	0.789260397172832	0.938352747424723	0.788950439058377	0.929995308758069	0.927797157015792	0.812068365175127	0.724511928750221	0.697451937777003	0.735788632072971	0.782787825150256	0.95234575867706	0.849365478244543	0.719141791884636	0.576208347511913	0.748379449471128	0.799110094562094	0.753542209664617	0.676419069047461	0.729855309836705	0.69266362332058	0.868057165078249	0.754521929336614	0.591544184449807	0.910633076212553	0.74853929746373	0.65745004034002	0.687688103673206	0.775658128311972	0.761942552767537	0.78655568809149	0.816726481061233	0.729614801436981	0.753147260861763	0.769049602434792	0.807242981653204	0.68341320879867	0.656237237121214	0.708166265581111	0.945661838090885	0.828728368313688	0.929734033098175	0.787212931481693	0.810769404700296	0.828072638782745	0.861502185422095	0.82679626717461	0.750771351201419	0.715841564950855	0.807564024974625	0.93887876396003
EO05_S_Wi2017	0.731508725474705	0.547034907296752	0.795584703047346	0.515817133877883	0.592191024710085	0.59221604523498	0.565626552694391	0.544176226057118	0.539698498009914	0.789776791349567	0.754242965647757	0.80137163912216	0.60087639424415	0.772786707881314	0.777703661922222	0.647416487519514	0.57980249507874	0.562738359776723	0.622311116867912	0.627342065943627	0.9090644274823	0.695630841915232	0.545759547290376	0.565932226734047	0.634449716049823	0.767190574127129	0.575025211058212	0.671483430828417	0.61725842598189	0.681364133620966	0.823210854991848	0.648106971511915	0.348476289281521	0.82491508893367	0.770933397180009	0.62673429258544	0.601990186913537	0.773263101495699	0.715630935822082	0.770356693500251	0.687226207515209	0.652933628328599	0.703835624807397	0.647488099596565	0.694911838214607	0.526964101727502	0.504106386854852	0.515307979463867	0.810422322119775	0.655077675384735	0.782807659614247	0.60938484613162	0.630276129592953	0.646674953738387	0.722196792928552	0.655286896515319	0.626042133453477	0.666337210269721	0.642846840529298	0.915314253381446
EO10_S_Wi2017A	0.832017118495309	0.811648918262162	0.879396459359762	0.760141487376384	0.786619164201716	0.679731738629017	0.793896649221858	0.764994546907646	0.808826660968827	0.534008302577445	0.866780464797061	0.882799698839475	0.778589747085489	0.869303847408937	0.872102799961138	0.616482091281332	0.752622481907424	0.776446441336475	0.653500678016764	0.754513274455899	0.753305687131862	0.825928553039142	0.812726031315855	0.841416421244277	0.810706157180887	0.802346834181779	0.822324535202446	0.892146649072875	0.852483427452532	0.883234291692067	0.767629727703427	0.684896139370438	0.738394336711101	0.546608644395406	0.912900060419795	0.858102268138552	0.831136329942897	0.897728159472168	0.875144095027361	0.828181153867386	0.798047130426407	0.802005891360891	0.870348090303857	0.825070065968566	0.850948338770187	0.790270637792959	0.798565823262485	0.785297938747875	0.885255130007854	0.827751018367333	0.88070055985796	0.798093710840588	0.808591659179953	0.814774618751161	0.835710986419607	0.797680001978588	0.844634944615692	0.814864284337062	0.76322995846951	0.825947955719269
EOI10_S_Su2017	0.908411828354211	0.7286134218714	0.932948661170115	0.809726395264089	0.834156085358521	0.81178173610236	0.824653023601267	0.809184504680711	0.815927242372255	0.906788947955124	0.907857615976645	0.943809856353532	0.853847178032631	0.92509280615198	0.923340331884167	0.8748460210476	0.843010832455367	0.806910119686773	0.832827469958133	0.875995688642013	0.975269470703183	0.890308640118402	0.791776041020862	0.724128605398349	0.844306673638779	0.795454143324741	0.776671943754851	0.66629496863525	0.734255149439311	0.713766651620893	0.858715587732247	0.848604939469199	0.781083427570862	0.939010331311479	0.41632781605107	0.592398070411493	0.610950692890271	0.723424812192162	0.561432977676473	0.766532043168573	0.900754848946022	0.704904777445282	0.837472327165713	0.867386369440883	0.891887984615701	0.813477978554037	0.790060780116266	0.814619955227698	0.950903358261119	0.876809270294757	0.926356795101953	0.875905676851169	0.883954412897052	0.862774175503406	0.911885814646694	0.88073955978344	0.781705978080321	0.828209561811867	0.868634954474676	0.926663414844567
EOI10_S_Wi2017	0.879562546778753	0.601480331483874	0.911580769437417	0.737548805879539	0.792609672197548	0.733159925474824	0.757113200253445	0.776808810443286	0.731743387143946	0.865082341196128	0.859836670821984	0.929591059996144	0.793368517573877	0.920006970698533	0.915740423256505	0.832122567603743	0.763676099731259	0.761365714523561	0.766595550814501	0.812475132458877	0.962832889877734	0.830254570033271	0.68575076970988	0.623319685636862	0.743575999807135	0.748764096900218	0.697283559217729	0.588179694698677	0.66244156463838	0.642774672260613	0.826710620816457	0.799556155518006	0.676017678641112	0.905039757287089	0.629089688589334	0.448751709091714	0.483457382817149	0.650231494295398	0.634232057585307	0.721626688639838	0.866439512446896	0.600127776137013	0.827173144876325	0.828470089099354	0.876313215571882	0.744742406810721	0.7000755927224	0.73766530510492	0.933937795943738	0.848691825352044	0.918592570524403	0.821768745011323	0.821264184794284	0.823894798001167	0.883710711794233	0.839324133362432	0.71538552129092	0.812775143039896	0.834660097439592	0.918474676089518
EOI10_S_Wi2018	0.89665122293848	0.673475202365498	0.927076090812135	0.749912150866003	0.805375826870119	0.747009901227482	0.777758943684427	0.791182962542234	0.779442720408353	0.864054230698855	0.872249361269211	0.939008549053809	0.824431475571022	0.929106109167417	0.925860429386583	0.846632683104206	0.790327641776204	0.788290043408632	0.804489351786527	0.829618195364095	0.961075060750808	0.863480268844138	0.731480717267966	0.644771211815549	0.791045814653835	0.754237606517077	0.757392995285881	0.610370235156064	0.734487827979398	0.642083759019246	0.809655784185305	0.816785376972098	0.7254005070927	0.910848552254289	0.668128210986167	0.542329749395812	0.498606635465426	0.603490331394159	0.663425956903682	0.725225395639818	0.883917037761263	0.585152347071194	0.843518947792379	0.842985521015152	0.892033718861188	0.780919503910048	0.75340816903099	0.773340400254795	0.941831729662668	0.867242927891062	0.927519976622187	0.8355376940049	0.838404771931273	0.838206530705087	0.901956300590627	0.858776740643736	0.784923786035709	0.847885955881835	0.851520056186153	0.913279628566407
EOI15_S_Su2017	0.967190370043116	0.77654248131929	0.982672358396483	0.82105204699387	0.849595357143395	0.798084346258893	0.870003701461549	0.810512346349484	0.816445025139762	0.887690853990807	0.892991592582657	0.987179994150557	0.912546571179666	0.98102118067946	0.979337267830335	0.901652626206815	0.847692891732619	0.843886139068855	0.83284815813118	0.908790019264601	0.979688747796811	0.929062892143901	0.832540343381673	0.699631291957129	0.845451194408316	0.711118974096943	0.851433086022215	0.675441243513308	0.835809418292844	0.648433897314327	0.820087984572567	0.863534978135814	0.805981509739862	0.948766325645693	0.775867985610573	0.668038414620796	0.606845799340478	0.434024920721942	0.74061729305957	0.673361315806051	0.94989775583755	0.628798037752153	0.884954235044243	0.911372092249924	0.953897576890768	0.863136478202293	0.828878451011981	0.866115326773372	0.989468918781854	0.937410351300443	0.981647106064429	0.906986805667839	0.900137946973311	0.915906949754308	0.965863524229838	0.937313590549156	0.865054381843924	0.901199811640533	0.92179428359677	0.906300248127404
EOI15_S_Wi2017	0.84682008838761	0.688572404438955	0.877991834941733	0.720977143037461	0.763744563462417	0.735890461874711	0.718488195501388	0.746696785104106	0.783724929389263	0.843987489142072	0.872423189953901	0.899591681030876	0.764704679742714	0.863694687808251	0.863038708693078	0.818109360204423	0.78152574719851	0.736904178111943	0.790657503581908	0.80802993212845	0.950584198701039	0.826925475342616	0.707287167650029	0.705220918869833	0.814362553602388	0.754597178695599	0.743356189567499	0.718115687609723	0.700854053115349	0.699866116833869	0.797320734728993	0.782432133897623	0.704428600002636	0.892691512890813	0.611907062924803	0.635277017765673	0.597177462042914	0.682360185308736	0.542976642631981	0.722716692532839	0.834508095750446	0.623352969709785	0.789444306246759	0.782318705585999	0.825024599475066	0.740010430657634	0.717665820284225	0.731578197448223	0.90427446500918	0.810728374114194	0.867215634649081	0.806386536989542	0.821183324769885	0.784175964473503	0.844370342446859	0.803689724427805	0.740664436602717	0.78836813878875	0.787950292690312	0.899054762230212
EOI20_S_Su2017	0.962916296742053	0.75148557478088	0.985187227035026	0.758780591369738	0.824063740041122	0.69312565425918	0.834170796868313	0.777811679292556	0.798894123396744	0.794031970473753	0.869091705380764	0.988562657074422	0.907487930668663	0.983347644200903	0.979192269408885	0.84128800867381	0.787419130527873	0.795262099792738	0.71755731570759	0.877867503927575	0.945146209004136	0.935839679387131	0.819367786471972	0.680173418834857	0.832779279705684	0.461405028495853	0.856868715409344	0.604161256533868	0.822376553724687	0.550510457953177	0.673802250018852	0.780147370929468	0.773058347895741	0.897556094970993	0.739803216081758	0.647558421613329	0.567859957204739	0.575285210532949	0.695594328458596	0.402658358643356	0.933008647203766	0.425694417343031	0.865662238378275	0.905910954671082	0.951340363438482	0.854883293034737	0.80132236319377	0.849317424904964	0.991954449810277	0.93543494222838	0.980212540925113	0.902170000570355	0.891544143201627	0.911377549763175	0.963611330169754	0.921390467890364	0.871136504724367	0.87318562099969	0.896376885191874	0.786317502139527
EOI20_S_Su2018	0.960921880557839	0.771125960275492	0.985561561193205	0.754159761875424	0.817697576421754	0.660490502148063	0.830936347435738	0.777954179795157	0.809663046813351	0.76171660243422	0.868936553324664	0.98846112345096	0.907295002116392	0.983931623054203	0.978119982408247	0.818692696394136	0.776717075564209	0.779557038431965	0.690346021877004	0.866136783275826	0.929803531335785	0.936712329758503	0.825006483511103	0.710998489759163	0.851447240460894	0.396767655520696	0.864485819292448	0.643375878059809	0.82553011875916	0.580892916013573	0.612843899028598	0.76590034760711	0.771976529398118	0.875469685794568	0.778212156014761	0.696741183066992	0.615298477919161	0.62392347739285	0.738834136748288	0.407572025022267	0.929398889933377	0.43989373496877	0.859995597106718	0.907097640922856	0.95125676160981	0.857751766216494	0.801272914749018	0.848693531695362	0.991926396163185	0.931624715201905	0.980280348259126	0.900447523467521	0.892520542274234	0.912239828103183	0.961209613502194	0.912181264463079	0.871794571798198	0.856872423997648	0.874624574227156	0.756114394482461
EOI20_S_Wi2013	0.921633264039034	0.684913204960912	0.950481254174604	0.707547307970203	0.79020762907616	0.673072728366007	0.764238253601573	0.767806455850625	0.775006196151247	0.796223058748739	0.858408635715237	0.958089672769036	0.846257952480346	0.949421352112153	0.946824816608388	0.81908832876497	0.74815509156106	0.761096165077267	0.743232169820169	0.817462103167663	0.941431258462695	0.890332282636863	0.738944227108248	0.641188262345906	0.79452689140399	0.609422122983134	0.786462100526616	0.574984198673365	0.765832106773019	0.563748980098878	0.692367654495569	0.773606727411424	0.719396407203255	0.882073762699607	0.704938507287767	0.585294273298998	0.51304412250674	0.571752948618843	0.653192563838425	0.574697210615834	0.899548859731696	0.4126749090352	0.83573920345354	0.859156070340525	0.91575878409688	0.796157219958623	0.745454306001772	0.783736959172785	0.960545925480509	0.888586829845515	0.950854911222825	0.836070750655417	0.837097103076798	0.854256458850936	0.927530027282215	0.870421361082584	0.817197659661067	0.847511136287071	0.851101522005939	0.831243627017542
EOK05_S_Su2017	0.854427852954365	0.723303661405663	0.917563368120668	0.634096741766973	0.692313129928635	0.703601792852362	0.701487133237096	0.661239991350171	0.698966771041341	0.881923768048546	0.770567720334116	0.94024350637879	0.749203166043465	0.91394529505694	0.909394483999103	0.819291774204013	0.696334553764156	0.660767545190577	0.751887337993812	0.748696010642774	0.967318132004261	0.862540096197819	0.718610353293455	0.705146730910395	0.820439252280996	0.835711275022537	0.760024156163108	0.761999823661838	0.708525407506621	0.760371781014779	0.859259259259259	0.735199313943082	0.652583962242212	0.917643827292151	0.748559519385383	0.753522419569508	0.739462599840329	0.836662095546221	0.737294988336938	0.840404389583515	0.82567219104991	0.765903138249712	0.406298831046945	0.591700886935574	0.731174501057473	0.536888451517086	0.503984498877775	0.59342578992239	0.951082846221284	0.796783204756197	0.90656725581346	0.792513093287743	0.814489745012978	0.808275411357483	0.877732502294242	0.793939201500667	0.720388678635838	0.729826307726765	0.774746593717564	0.936844528909749
EOK05_S_Wi2017	0.687054247516898	0.691949893768522	0.751572646921443	0.61358112753923	0.628967383933933	0.726877838536717	0.598879610582059	0.592815616703076	0.680874695159751	0.850287251227973	0.813781371879129	0.729417876463701	0.575551550696609	0.696930870075292	0.707703400743495	0.696730069138313	0.685766006945113	0.649323919807384	0.737553148362436	0.654098278564287	0.91746060378828	0.692204871940488	0.628213684291529	0.723578170758349	0.737154219452974	0.874391934012801	0.647966555456018	0.819893159317238	0.691399346142691	0.823121349438484	0.889082433780507	0.710534752679384	0.533390914032459	0.863760075284682	0.775119416086398	0.758184562645334	0.744427736608349	0.872397272833616	0.706322578290057	0.878576120177401	0.677196657945694	0.789130806262374	0.573948461182196	0.325025627901535	0.523331269457061	0.40553383959741	0.499497946658181	0.437595063320947	0.745009956876649	0.597481092611957	0.723123101138322	0.57374441763144	0.608002714923587	0.585618193597971	0.690590563218783	0.62320352695056	0.67829793521861	0.72137441331191	0.635207787725654	0.939555951959723
EOK05_S_Wi2018	0.657547748469964	0.766146489513075	0.667085892481928	0.713348708168047	0.662507422702603	0.814307913723989	0.642677550086121	0.639365902961384	0.698441660806446	0.885565373017762	0.873062675279563	0.639288752171243	0.58506046393553	0.578125791611951	0.601970308635684	0.706052482824818	0.790297842448307	0.732440992594304	0.808744488876778	0.736768290167501	0.922252990086614	0.67721414046563	0.665128891733433	0.798694527049492	0.776210791183541	0.91523898696842	0.650554668574856	0.868295385666933	0.719646273530771	0.881115942759791	0.931367925578521	0.790524603142844	0.58017212315875	0.874897898356529	0.818506136401566	0.816283135259665	0.806749198626906	0.914760886587652	0.76269406934439	0.91904901899705	0.639379575938175	0.855911530637427	0.719118796766312	0.52068003372059	0.334471739239821	0.503702903571649	0.656634558731935	0.46064326918763	0.62423464167442	0.527189672923899	0.648557507116862	0.582453647442602	0.594909209957122	0.55761962914476	0.586261315268696	0.613239137636965	0.682325680975804	0.728695298142802	0.635351000810782	0.958420241314566
EOK10_S_Wi2013	0.683993044678638	0.63056027186818	0.730273287813443	0.556748502871151	0.591709716975622	0.670596432131978	0.539045703633845	0.53924754003818	0.607641653248989	0.826864708254371	0.798028134172313	0.765892237275418	0.554261016819014	0.746651710382241	0.729218822524122	0.696111592767196	0.647159958959705	0.60283267612905	0.69718668550133	0.653911790905338	0.916635161413816	0.669812024308458	0.551264905316139	0.650881470156902	0.661638136950855	0.831752066648306	0.54771426235875	0.746306070890895	0.589671175290936	0.758062650383078	0.859013664781788	0.697199718659834	0.473697276568251	0.84876422459284	0.756383514929516	0.687270490167975	0.670060816633328	0.831338618587015	0.698804813439218	0.836684282915927	0.640848816519006	0.729630344416344	0.597867696545137	0.519557953353633	0.604182649036251	0.334888269726149	0.431832004585436	0.415081356380597	0.794089806380102	0.600331514592062	0.726505239779715	0.603512452276609	0.648024312560232	0.619762129317985	0.661724025405859	0.611552170865485	0.556393076427777	0.672538174059371	0.623472182193036	0.925137725421128
EOK10_S_Wi2017	0.784323765827999	0.576154053473678	0.863304351012285	0.506977427176556	0.642183387623813	0.606921723359115	0.572750498841653	0.592898250609934	0.630601309658154	0.825612830163209	0.766849524502206	0.889575197276884	0.646513578213903	0.861338057067487	0.857317202885535	0.739934195176754	0.591957744020575	0.601775025802642	0.667459855132127	0.649240766915451	0.938372889773003	0.758524107074332	0.579287663724338	0.606725084113712	0.689579077531424	0.800963462885387	0.624497000606933	0.694579155121869	0.617020160944882	0.707129868543379	0.819818162290279	0.682238735822499	0.505842656676562	0.872426714267449	0.757025745787917	0.64691165780528	0.631420115192523	0.800853131631974	0.705950100637463	0.804794794035939	0.764923068370269	0.68582851199034	0.584147089198357	0.592038857701752	0.745183214651824	0.474312587020728	0.360931239714922	0.458728741206835	0.903941225346883	0.724318906062977	0.854436132607261	0.680985714574369	0.709927539657878	0.719803026166262	0.815815126010719	0.698479789859561	0.629499877157919	0.706373306961724	0.697424923660479	0.913416612125497
EOK10_S_Wi2018	0.730407696123908	0.608899641864169	0.804852882590038	0.55079639110424	0.623905765654553	0.657285160391642	0.562447721057136	0.578260979429265	0.641463083814491	0.828687000640434	0.795851138766263	0.793366659739531	0.605373262953606	0.756996759977395	0.758834169097842	0.687042940170856	0.634614919799065	0.617934776876322	0.692191022939151	0.650330871989174	0.920628982245494	0.681482062092388	0.56214325220744	0.646849385299298	0.661846692174548	0.831299859075554	0.582521326005923	0.739081942111109	0.639097081945479	0.759320528943334	0.84997047190822	0.704366156906707	0.479462303975201	0.858235276956072	0.805932069878695	0.686352377211894	0.666709505743979	0.833759566393501	0.735487821235577	0.838024654428696	0.70539209484487	0.724246892488387	0.644953771052115	0.566442183426994	0.651208673814882	0.450515259130502	0.462791690351899	0.391591299285171	0.792655297375988	0.635654321365599	0.775948927693428	0.592436281946128	0.635467453715365	0.623696751664039	0.728595492063068	0.674612278486829	0.633657248900003	0.711284483941129	0.668541058416269	0.925057557511731
EU05_S_Wi2013	0.625806535423412	0.860018766626887	0.543717370914379	0.833749045701668	0.770429706760327	0.923014930804378	0.753773781818766	0.73637539019537	0.881073793530631	0.90719213076903	0.969754622890475	0.262171872531565	0.647967678780197	0.383858535379408	0.45610594275521	0.714417840625246	0.88600393647099	0.834968192054237	0.906235927016756	0.799093245040979	0.917206376977686	0.609854295575501	0.72975926124541	0.930302367819082	0.81775330158117	0.974327001813289	0.677523696051383	0.969569195525556	0.822731030391254	0.9829596102772	0.987850253362382	0.878037579442534	0.69137264090743	0.869415456391664	0.932753378214006	0.907543176183061	0.89783438671075	0.984717605197458	0.88172670182546	0.984194574831165	0.619759172343902	0.937780274537434	0.90855573863417	0.670766896867915	0.514272763088664	0.666024348171689	0.838491599066521	0.666779124912858	0.348061492779234	0.405044957314986	0.548621754391014	0.437747620854629	0.458342734952269	0.511138107271676	0.53164903549768	0.619380317083226	0.777102470075335	0.865358877050574	0.640282661577148	0.984435159431335
EU05_S_Wi2017	0.560231757442895	0.715000971804573	0.57966975264565	0.674251485607895	0.642381139717979	0.800941603721533	0.597463555739343	0.603496222985054	0.723758795961351	0.863073729978152	0.851605638669146	0.525040332030514	0.471300636466571	0.516385524052152	0.518492926434327	0.639194564355279	0.733920289748385	0.682098932887557	0.777585239817172	0.651937508510523	0.910025612744334	0.564978157570525	0.586880156623982	0.802127735276422	0.712546226049153	0.907118662105285	0.551702311260108	0.872709289153863	0.673113509843482	0.884146500433728	0.927251045185972	0.759479998276359	0.514933226046652	0.841411416881093	0.856488941425327	0.794952974461025	0.79145482785794	0.918539649105669	0.797910667727115	0.919022874459674	0.542165916892312	0.848658101996632	0.756078341971692	0.548865499758569	0.485142747557643	0.477361955593699	0.655556970321694	0.503542143712411	0.567748774862289	0.332420369966184	0.555657509685711	0.441118639519852	0.459831011460442	0.466513226332855	0.512484567272845	0.533778872689626	0.603799619192567	0.705623074236175	0.561337798621905	0.957895851972747
EU05_S_Wi2018	0.574030053530762	0.820033007296678	0.545797813270708	0.770865180914005	0.701752870366408	0.883939775709898	0.675643715097129	0.688075300433995	0.845396466845205	0.895740908849619	0.93170241140978	0.538770617074253	0.576930530727823	0.535816617005952	0.472201988353663	0.707112835684842	0.840079176489702	0.768602439617584	0.871159942251973	0.746871997221686	0.91729812381568	0.635884212754474	0.677279402185597	0.894743092458245	0.800246626808822	0.953813438835954	0.640855962509216	0.944730934466323	0.753546972790208	0.955493157325896	0.964990422433441	0.84122867798939	0.641422046246095	0.866239299176401	0.898301189212247	0.871274650590127	0.866184059008471	0.964987158011264	0.854263587561196	0.96102208381865	0.615540394158148	0.9118443213582	0.868591189716436	0.666400622441307	0.538055271687054	0.619744353253752	0.796500555500247	0.642412189789042	0.586292876519597	0.483437837181275	0.452905288862979	0.579966461506856	0.581529965837429	0.549877443295928	0.517829458819396	0.577817366642584	0.703077909475417	0.807761736250659	0.641626130203505	0.973668519663395
EU08_S_Wi2013	0.630102411577207	0.65914956661223	0.689796265939151	0.625555407295804	0.663058600325357	0.736511749486386	0.58034857144439	0.619213789655331	0.690773613850537	0.827387095683921	0.837597429393804	0.573313962312176	0.535257684065396	0.578200656454832	0.627774680217979	0.624915027010619	0.660273031356837	0.682056209960738	0.726372793470034	0.629083609079934	0.903588695511571	0.574742064472472	0.569090463909532	0.734670353074656	0.673870177704442	0.882297809889708	0.557424825983996	0.824997206408479	0.7022978379325	0.844512034965808	0.895121630506247	0.729303753993722	0.480326245885126	0.824085424892261	0.847767077374488	0.754592852753184	0.72589462121428	0.875401286067285	0.779076481960762	0.88597810904843	0.63635361124039	0.772406296723442	0.781356881166613	0.56622241996911	0.592265351641046	0.525443654456553	0.623020597211182	0.478607812993413	0.594702572627615	0.494727271742133	0.680819770868687	0.332100610624095	0.46659854526332	0.473485009948787	0.620447982536339	0.586602337316987	0.672541199257572	0.758119069347541	0.582358650623788	0.944352212377323
EU08_S_Wi2017	0.705797757971422	0.637843573995426	0.695474508843877	0.619159676962692	0.677904682696161	0.717442195653816	0.587749870506096	0.634355369424085	0.70218815544817	0.820736609329227	0.831881613804325	0.582673378163859	0.591969153047109	0.538506640692162	0.595100626282714	0.636818403266096	0.685018125071935	0.700085944810822	0.738747521557847	0.678355579991343	0.914820133304205	0.618016463145659	0.56815929156015	0.71678120829928	0.707778195437346	0.860292923461466	0.595868517583615	0.797152090307989	0.717103085059057	0.812975970097006	0.873811456455872	0.740438135412324	0.475360318761653	0.838401713944328	0.843790612566307	0.733728730598232	0.709700137579029	0.849737334316057	0.762855026472719	0.860368157137981	0.677818994199831	0.737031447473583	0.780509076882517	0.567966676749701	0.582439982882088	0.560625681731955	0.624978089940725	0.513353778706289	0.565286937034083	0.468535430530115	0.667363094903567	0.405935366623862	0.315323422327243	0.426984308556098	0.654010464875139	0.62469419898472	0.723088012496696	0.789002926316357	0.61798828754782	0.93390700707649
EU08_S_Wi2018	0.661192817972456	0.648437337688692	0.679642614667376	0.639890368602307	0.657003021582289	0.750339824346158	0.569867593924884	0.62293882329983	0.715950212698834	0.827328038279679	0.850478306257834	0.610883706596144	0.521268009863277	0.563541584751388	0.587545927540815	0.644047347760492	0.694133599274586	0.671289562258429	0.750305536100568	0.665786491818217	0.913123038623016	0.577120019570414	0.550021598388843	0.75176006373282	0.698062845419684	0.883184784588077	0.547688552606882	0.829016592758779	0.670571344702399	0.846819556192867	0.894512919963786	0.738086481161884	0.49981918338319	0.844410005739432	0.838301856756984	0.740684312935929	0.727501560354668	0.877419064692455	0.757917511466957	0.886527895230904	0.65013708192784	0.785074515141974	0.780024378732646	0.566051271847863	0.570442219424061	0.51003366026873	0.628044891335049	0.477582437548575	0.609735207005096	0.471461471487626	0.635278015418728	0.420160578506899	0.429814588786709	0.346846906395104	0.628001640125602	0.589044415433038	0.648912260010227	0.755974357386384	0.6211303859622	0.941141132263775
EUR05_S_Wi2015	0.437148773007225	0.803972479544608	0.468698991200709	0.765626292594536	0.676348766707568	0.862169494147693	0.69499188779725	0.661578123897725	0.751219800577736	0.872148006437745	0.912091154827097	0.591522535664841	0.53811002094268	0.584306369294537	0.545487483467336	0.677199893570136	0.816254167317117	0.74494984820389	0.797043665733965	0.719718310904444	0.89977717530952	0.602466600855319	0.684822741449349	0.876362452531162	0.74333541905352	0.941483877128843	0.62957442084562	0.936474447954413	0.738837636973439	0.950861494633663	0.965327259196967	0.758104296674995	0.622488386061088	0.828646432819288	0.879261363505896	0.855961669382384	0.853034551304138	0.958057086709307	0.846748067398752	0.951735435620432	0.378020108924233	0.898581309716068	0.857250076315529	0.703906873364103	0.567379029326154	0.622251763740298	0.772764184225601	0.662240157482869	0.640572039050676	0.519119146127572	0.559310333710898	0.614994987588524	0.653193854717773	0.637101549754813	0.303884391758952	0.486884629286532	0.672119959425161	0.687755056365144	0.5227740829632	0.973073953009097
EUR05_S_Wi2016	0.530103135372825	0.707269479410954	0.613003774596975	0.666060447602601	0.666024170616496	0.780936242058653	0.632910372325231	0.637011994919142	0.75188195182082	0.830681053203106	0.858216699119799	0.688697779642597	0.511669053794913	0.633506556609968	0.628496285695749	0.650294511440386	0.70371764998872	0.676574911716029	0.741268219644079	0.614155668030708	0.905589980486987	0.620520724313046	0.621462342972284	0.812828172415406	0.730094265329432	0.89483339512154	0.608955641605341	0.878026665354708	0.713318348380926	0.892500550758234	0.918683691839076	0.730303771495022	0.558489742470537	0.83061334931426	0.862103845293094	0.795686961435771	0.791004849480371	0.926699981570882	0.818878821588256	0.905456077109271	0.558324846328061	0.827096811399657	0.803659635851409	0.628178231072276	0.610207925143057	0.587081990481632	0.670403904095348	0.589128242473756	0.715170750255918	0.558712292415557	0.633018091339357	0.573623565103868	0.608627482035612	0.598443028975659	0.559125280217304	0.387955075418861	0.677764343089437	0.693765204443024	0.479223133863145	0.957967724544026
EUR05_S_Wi2017	0.743285033599302	0.648678054937722	0.799617510980947	0.714514966950715	0.740619914073965	0.774925513743814	0.649041882169035	0.712939036079878	0.723604519745533	0.895316126607635	0.864038334664384	0.855442037493541	0.647983490341912	0.82999642056174	0.80348177954309	0.798690833995498	0.754625010331405	0.698994277503006	0.791650218329007	0.758004574976314	0.950724402641549	0.679634716421505	0.555024161671979	0.714906151999825	0.675232608361794	0.864234783730516	0.470343734722849	0.722100035383772	0.424060303296895	0.756925399524115	0.891786661169935	0.801420419180765	0.640056831190404	0.897705662693584	0.751372867329707	0.644049964043517	0.678917473573116	0.842404176127073	0.745592465137511	0.865202461089133	0.753696709720972	0.783998287952193	0.769263555247693	0.761050291412808	0.774776137812419	0.621754944446781	0.645797869967866	0.673942010942393	0.8715568848476	0.705091323346166	0.807884906519863	0.754583125875753	0.790971884807333	0.734336482213173	0.757848161476844	0.733012944757503	0.387173290089022	0.729980758033768	0.753597692857957	0.950943121898366
EUR05_S_Wi2018	0.788191421169841	0.668975888998912	0.871118260386241	0.660857818203219	0.694452187539273	0.68381095285378	0.7088827837092	0.676594004819412	0.608290021376625	0.829657021206989	0.756586994409384	0.90447647717648	0.696390863002636	0.884636552594382	0.86681895750934	0.722314772812278	0.650486873639999	0.613266207139603	0.656789060257311	0.696319969577143	0.939098658930393	0.802628309106976	0.69697069500951	0.69650700276571	0.751588033261678	0.796242692829024	0.710301987649401	0.749276896271279	0.666064313259809	0.764991196682135	0.863666590763421	0.681563254117134	0.586604588630238	0.860931780081851	0.777060734163746	0.715671155969866	0.706074861502603	0.853680194314584	0.778937926285916	0.818704019474571	0.701756259033058	0.755692588028567	0.704757656676882	0.727571932912727	0.762064566358897	0.633960031230193	0.631011602261473	0.664689487759093	0.917268011964028	0.752847080003753	0.870986590547447	0.763940898340978	0.793117839218324	0.788340526858749	0.78100847238794	0.708933178223917	0.675753626339338	0.452720820768488	0.659996639605651	0.940522415179029
EUR05_S_Wi2019	0.611574159934702	0.664738208223996	0.734408169745149	0.635134753120732	0.659367735661969	0.713537113343898	0.629512470129494	0.630835532901232	0.678754789902106	0.791262317932858	0.796501241245061	0.75055775390361	0.542354665591659	0.726895359361323	0.717084983818612	0.601741585059199	0.648894387717479	0.62665455989946	0.639652637790585	0.584689341517342	0.88643133073271	0.674314570724214	0.633473852371844	0.765450979967492	0.688213053673413	0.837419303323536	0.638507350457997	0.834190464290487	0.693845546091563	0.845940525449414	0.89130435089229	0.646722755723111	0.53357534625027	0.801533704744902	0.836994793781826	0.770992372844679	0.753915007116143	0.902260990308727	0.788331888321542	0.861537617264289	0.54767933750587	0.783957442527932	0.740155380991474	0.621908616302087	0.66219954130715	0.5754257676354	0.622722835849963	0.56843285473752	0.767963452194781	0.610095343327791	0.722200504465506	0.608583067930906	0.65947937736498	0.641682238877094	0.625127288451687	0.490663010862823	0.666423885328796	0.598865018110702	0.386414287191433	0.944661249444333
LOK10_S_Wi2013	0.985166535464429	0.940873972903814	0.993818367746793	0.914512719275267	0.928589901076672	0.831034575463883	0.936067694275868	0.912964379406796	0.946381176431148	0.790970618877918	0.955795719853597	0.994989667203096	0.970759885955584	0.992419485788118	0.990040084799335	0.882986875978683	0.920762277532624	0.923729095911824	0.862860498598166	0.935783864906721	0.871217021094063	0.976185996044391	0.952792932318189	0.92282685620499	0.958147768276846	0.778323818135951	0.965459701935447	0.907241016935011	0.957340535951737	0.872956672768532	0.632197338777445	0.891725669663762	0.935622394930177	0.886908819217138	0.950097463905258	0.929031223774056	0.897546844386181	0.892797789539618	0.930435958754964	0.805764145354855	0.97746534808661	0.837621431367362	0.953451596977457	0.964628873398193	0.980153671893266	0.950537622411678	0.935801702092771	0.950983702751813	0.996243987427322	0.978563089212674	0.992348274927121	0.96780526260459	0.964059634315516	0.968727874760407	0.98686136855985	0.976879940630725	0.969526595402436	0.962212715749093	0.966653083421388	0.449184667038295
